ALLEY_TRDAR_NO,ALLEY_TRDAR_NM,SIGNGU_CD,ADSTRD_CD,SIGNGU_CD_NM,ADSTRD_CD_NM
12285,자하문로_A,11110,11110515,종로구,청운효자동
12311,자하문로_B,11110,11110515,종로구,청운효자동
12366,자하문로7길,11110,11110515,종로구,청운효자동
12339,사직로8길,11110,11110530,종로구,사직동
12292,자하문로9길,11110,11110530,종로구,사직동
12287,율곡로3길,11110,11110540,종로구,삼청동
12290,북촌로5가길,11110,11110540,종로구,삼청동
12314,삼청로,11110,11110540,종로구,삼청동
12161,평창11길,11110,11110560,종로구,평창동
12153,진흥로_A,11110,11110560,종로구,평창동
12149,평창문화로,11110,11110560,종로구,평창동
12286,창덕궁1길,11110,11110600,종로구,가회동
12299,계동길,11110,11110600,종로구,가회동
13649,율곡로14길,11110,11110630,종로구,종로5.6가동
12379,대학로,11110,11110640,종로구,이화동
13508,동숭길,11110,11110640,종로구,이화동
12322,성균관로,11110,11110650,종로구,혜화동
12336,종로51길,11110,11110670,종로구,창신1동
12343,창신길,11110,11110680,종로구,창신2동
12328,종로_A,11110,11110700,종로구,숭인1동
12350,종로_C,11110,11110710,종로구,숭인2동
12330,종로_B,11110,11110710,종로구,숭인2동
12446,청계천로,11110,11110710,종로구,숭인2동
12357,숭인동길,11110,11110710,종로구,숭인2동
12460,퇴계로12길,11140,11140540,중구,회현동
12518,퇴계로20길,11140,11140550,중구,명동
12414,퇴계로_B,11140,11140590,중구,광희동
12385,다산로_A,11140,11140615,중구,신당동
12400,다산로35길,11140,11140615,중구,신당동
12387,다산로_B,11140,11140615,중구,신당동
12407,퇴계로_A,11140,11140615,중구,신당동
12543,다산로29길,11140,11140615,중구,신당동
13527,동호로_B,11140,11140625,중구,다산동
12498,다산로_C,11140,11140625,중구,다산동
12538,청구로,11140,11140625,중구,다산동
12506,다산로_E,11140,11140625,중구,다산동
12588,동호로_A,11140,11140635,중구,약수동
12569,동호로7길,11140,11140635,중구,약수동
12539,다산로_F,11140,11140645,중구,청구동
12500,다산로_D,11140,11140645,중구,청구동
13610,다산로_G,11140,11140645,중구,청구동
12405,퇴계로88길,11140,11140650,중구,신당5동
12390,다산로36길,11140,11140665,중구,동화동
12401,퇴계로86길,11140,11140665,중구,동화동
12419,퇴계로87길_B,11140,11140670,중구,황학동
12437,마장로9길,11140,11140670,중구,황학동
12434,난계로17길,11140,11140670,중구,황학동
12399,퇴계로87길_A,11140,11140670,중구,황학동
12415,퇴계로_C,11140,11140670,중구,황학동
12403,퇴계로83길,11140,11140670,중구,황학동
12458,마장로5길,11140,11140670,중구,황학동
12525,청파로_B,11140,11140680,중구,중림동
12493,청파로_A,11140,11140680,중구,중림동
12571,후암로_B,11170,11170510,용산구,후암동
12570,후암로_A,11170,11170510,용산구,후암동
12580,후암로_C,11170,11170530,용산구,남영동
12605,청파로_D,11170,11170530,용산구,남영동
12613,한강대로_A,11170,11170530,용산구,남영동
12630,청파로_E,11170,11170555,용산구,청파동
12603,청파로_C,11170,11170555,용산구,청파동
12631,청파로47길_B,11170,11170555,용산구,청파동
12617,청파로47길_A,11170,11170555,용산구,청파동
12802,새창로_A,11170,11170560,용산구,원효로1동
12628,원효로_A,11170,11170560,용산구,원효로1동
12784,원효로_B,11170,11170570,용산구,원효로2동
12812,새창로14길,11170,11170590,용산구,용문동
12804,효창원로42길,11170,11170590,용산구,용문동
13530,새창로_B,11170,11170590,용산구,용문동
12859,한강대로15길,11170,11170625,용산구,한강로동
12769,한강대로52길,11170,11170625,용산구,한강로동
12737,한강대로62나길,11170,11170625,용산구,한강로동
12794,한강대로_B,11170,11170625,용산구,한강로동
12898,이촌로_A,11170,11170630,용산구,이촌1동
12900,이촌로75길,11170,11170630,용산구,이촌1동
12989,이촌로_B,11170,11170630,용산구,이촌1동
12739,이태원로_A,11170,11170650,용산구,이태원1동
12779,녹사평대로26길,11170,11170650,용산구,이태원1동
12764,이태원로19길,11170,11170650,용산구,이태원1동
12708,녹사평대로,11170,11170660,용산구,이태원2동
13552,회나무로,11170,11170660,용산구,이태원2동
13567,녹사평대로54길,11170,11170660,용산구,이태원2동
12762,이태원로_B,11170,11170685,용산구,한남동
12740,독서당로_D,11170,11170685,용산구,한남동
12785,이태원로_C,11170,11170685,용산구,한남동
12815,이태원로_E,11170,11170685,용산구,한남동
12795,이태원로54길,11170,11170685,용산구,한남동
12879,독서당로_E,11170,11170685,용산구,한남동
12801,이태원로_D,11170,11170685,용산구,한남동
12833,보광로_B,11170,11170700,용산구,보광동
12829,보광로_A,11170,11170700,용산구,보광동
12396,왕십리로_B,11200,11200520,성동구,왕십리2동
12544,왕십리로21길,11200,11200520,성동구,왕십리2동
12384,왕십리로_A,11200,11200535,성동구,왕십리도선동
12418,무학로6길,11200,11200535,성동구,왕십리도선동
12426,고산자로_B,11200,11200535,성동구,왕십리도선동
12427,무학로_B,11200,11200535,성동구,왕십리도선동
12436,청계천로12가길,11200,11200540,성동구,마장동
12347,마장로37길,11200,11200540,성동구,마장동
12424,마장로,11200,11200540,성동구,마장동
12441,마장로31길,11200,11200540,성동구,마장동
12454,고산자로24길,11200,11200540,성동구,마장동
12487,왕십리로_C,11200,11200550,성동구,사근동
12527,마조로,11200,11200550,성동구,사근동
12512,행당로17길,11200,11200560,성동구,행당1동
12522,왕십리로_D,11200,11200560,성동구,행당1동
12656,독서당로_C,11200,11200615,성동구,금호2.3가동
12585,무수막길,11200,11200615,성동구,금호2.3가동
12657,장터길_B,11200,11200615,성동구,금호2.3가동
12582,금호산길,11200,11200615,성동구,금호2.3가동
12680,장터길_C,11200,11200615,성동구,금호2.3가동
12649,독서당로_B,11200,11200620,성동구,금호4가동
12647,독서당로_A,11200,11200620,성동구,금호4가동
12637,장터길_A,11200,11200620,성동구,금호4가동
12734,한림말3길,11200,11200645,성동구,옥수동
12606,왕십리로_E,11200,11200650,성동구,성수1가1동
12798,성덕정길_B,11200,11200650,성동구,성수1가1동
12686,성덕정길_A,11200,11200650,성동구,성수1가1동
13545,성수일로,11200,11200660,성동구,성수1가2동
12635,서울숲4길,11200,11200660,성동구,성수1가2동
12625,상원길,11200,11200660,성동구,성수1가2동
12696,성수이로7가길,11200,11200670,성동구,성수2가1동
12691,성덕정15길,11200,11200670,성동구,성수2가1동
12732,연무장길,11200,11200670,성동구,성수2가1동
12811,성덕정길_D,11200,11200670,성동구,성수2가1동
12805,성덕정길_C,11200,11200670,성동구,성수2가1동
12611,아차산로7길_A,11200,11200690,성동구,성수2가3동
12668,성수일로12길,11200,11200690,성동구,성수2가3동
12624,아차산로_A,11200,11200690,성동구,성수2가3동
12717,연무장1길,11200,11200690,성동구,성수2가3동
12718,아차산로11길,11200,11200690,성동구,성수2가3동
12642,아차산로7길_B,11200,11200690,성동구,성수2가3동
12700,,11200,11200690,성동구,성수2가3동
12408,천호대로_B,11200,11200790,성동구,용답동
12409,용답19길,11200,11200790,성동구,용답동
12420,천호대로_C,11200,11200790,성동구,용답동
12381,천호대로_A,11200,11200790,성동구,용답동
12393,용답중앙15길,11200,11200790,성동구,용답동
12621,,11215,11215710,광진구,화양동
13617,능동로13길,11215,11215710,광진구,화양동
13620,동일로22길,11215,11215710,광진구,화양동
12626,능동로_E,11215,11215710,광진구,화양동
12629,,11215,11215710,광진구,화양동
12712,동일로24길,11215,11215710,광진구,화양동
12715,능동로_F,11215,11215710,광진구,화양동
12602,능동로15길,11215,11215710,광진구,화양동
12610,광나루로_A,11215,11215710,광진구,화양동
12501,면목로_N,11215,11215730,광진구,군자동
12646,광나루로_C,11215,11215730,광진구,군자동
13607,군자로,11215,11215730,광진구,군자동
12598,면목로_O,11215,11215730,광진구,군자동
13541,긴고랑로11길,11215,11215740,광진구,중곡1동
12417,면목로_M,11215,11215740,광진구,중곡1동
12391,긴고랑로_A,11215,11215740,광진구,중곡1동
12467,능동로_C,11215,11215740,광진구,중곡1동
12412,능동로_A,11215,11215740,광진구,중곡1동
12540,긴고랑로_B,11215,11215740,광진구,중곡1동
12422,능동로_B,11215,11215750,광진구,중곡2동
12497,천호대로_F,11215,11215750,광진구,중곡2동
12480,천호대로111길,11215,11215750,광진구,중곡2동
12489,능동로_D,11215,11215750,광진구,중곡2동
12524,용마산로_G,11215,11215750,광진구,중곡2동
12465,용마산로_E,11215,11215750,광진구,중곡2동
12594,천호대로_H,11215,11215750,광진구,중곡2동
12461,천호대로_E,11215,11215750,광진구,중곡2동
12383,면목로_L,11215,11215760,광진구,중곡3동
12485,용마산로_F,11215,11215770,광진구,중곡4동
12466,영화사로_B,11215,11215770,광진구,중곡4동
13551,영화사로_D,11215,11215770,광진구,중곡4동
12494,영화사로_C,11215,11215770,광진구,중곡4동
12583,자양로43길,11215,11215770,광진구,중곡4동
12463,영화사로_A,11215,11215770,광진구,중곡4동
12425,용마산로_D,11215,11215770,광진구,중곡4동
12597,천호대로112길,11215,11215780,광진구,능동
12665,아차산로78길,11215,11215810,광진구,광장동
12644,아차산로_B,11215,11215810,광진구,광장동
12821,아차산로_G,11215,11215820,광진구,자양1동
12776,자양로15길,11215,11215820,광진구,자양1동
12778,자양로_A,11215,11215820,광진구,자양1동
12751,자양로13길,11215,11215820,광진구,자양1동
12875,자양로_C,11215,11215820,광진구,자양1동
12797,아차산로_F,11215,11215820,광진구,자양1동
12803,자양로_B,11215,11215820,광진구,자양1동
13578,아차산로_H,11215,11215820,광진구,자양1동
12788,아차산로_E,11215,11215830,광진구,자양2동
12876,자양번영로_A,11215,11215830,광진구,자양2동
12887,뚝섬로_B,11215,11215830,광진구,자양2동
12885,자양로5길,11215,11215830,광진구,자양2동
13523,뚝섬로_C,11215,11215840,광진구,자양3동
12882,자양번영로_B,11215,11215840,광진구,자양3동
12823,동일로18길,11215,11215847,광진구,자양4동
12822,뚝섬로_A,11215,11215847,광진구,자양4동
12806,뚝섬로27길,11215,11215847,광진구,자양4동
12817,뚝섬로23길,11215,11215847,광진구,자양4동
12709,,11215,11215847,광진구,자양4동
12710,아차산로51길,11215,11215850,광진구,구의1동
12816,자양로18길,11215,11215850,광진구,구의1동
12615,광나루로_B,11215,11215850,광진구,구의1동
12566,자양로45길,11215,11215860,광진구,구의2동
13633,자양로_D,11215,11215860,광진구,구의2동
12567,천호대로_G,11215,11215860,광진구,구의2동
12741,강변역로,11215,11215870,광진구,구의3동
12687,아차산로_C,11215,11215870,광진구,구의3동
12692,구의로,11215,11215870,광진구,구의3동
12706,구의강변로,11215,11215870,광진구,구의3동
12699,아차산로_D,11215,11215870,광진구,구의3동
12731,광나루로_D,11215,11215870,광진구,구의3동
12348,하정로,11230,11230536,동대문구,용신동
12333,무학로_A,11230,11230536,동대문구,용신동
12370,고산자로31길,11230,11230536,동대문구,용신동
13562,고산자로34길,11230,11230536,동대문구,용신동
12308,고산자로_A,11230,11230545,동대문구,제기동
12295,왕산로33길,11230,11230545,동대문구,제기동
12226,안암로_A,11230,11230545,동대문구,제기동
12241,안암로_B,11230,11230545,동대문구,제기동
13580,왕산로_B,11230,11230545,동대문구,제기동
12306,홍릉로5길,11230,11230545,동대문구,제기동
12302,홍릉로,11230,11230545,동대문구,제기동
12309,약령중앙로_B,11230,11230545,동대문구,제기동
12296,약령중앙로_A,11230,11230545,동대문구,제기동
12373,전농로17길,11230,11230560,동대문구,전농1동
12345,서울시립대로,11230,11230560,동대문구,전농1동
12359,전농로15길,11230,11230560,동대문구,전농1동
12377,전농로_A,11230,11230570,동대문구,전농2동
12363,사가정로_D,11230,11230570,동대문구,전농2동
12444,전농로_B,11230,11230600,동대문구,답십리1동
12430,천호대로_D,11230,11230600,동대문구,답십리1동
12382,한천로_D,11230,11230610,동대문구,답십리2동
13561,전농로_C,11230,11230610,동대문구,답십리2동
12428,장한로_C,11230,11230650,동대문구,장안1동
12398,장한로_B,11230,11230650,동대문구,장안1동
13648,장한로21길,11230,11230650,동대문구,장안1동
13647,답십리로_C,11230,11230650,동대문구,장안1동
13646,답십리로66길,11230,11230650,동대문구,장안1동
13645,장한로_D,11230,11230650,동대문구,장안1동
13644,천호대로83길,11230,11230650,동대문구,장안1동
12510,장한로2길,11230,11230650,동대문구,장안1동
12395,천호대로87길,11230,11230650,동대문구,장안1동
12352,답십리로_B,11230,11230660,동대문구,장안2동
13529,사가정로_E,11230,11230660,동대문구,장안2동
12374,한천로_C,11230,11230660,동대문구,장안2동
12375,한천로33길,11230,11230660,동대문구,장안2동
12451,장한로24길,11230,11230660,동대문구,장안2동
12342,답십리로_A,11230,11230660,동대문구,장안2동
13550,사가정로25길,11230,11230660,동대문구,장안2동
12341,장한로_A,11230,11230660,동대문구,장안2동
12318,왕산로_A,11230,11230705,동대문구,청량리동
13556,회기로_F,11230,11230710,동대문구,회기동
12239,회기로_C,11230,11230710,동대문구,회기동
12243,회기로_D,11230,11230710,동대문구,회기동
12260,회기로_E,11230,11230710,동대문구,회기동
12214,회기로_A,11230,11230720,동대문구,휘경1동
12248,망우로21길,11230,11230720,동대문구,휘경1동
12219,회기로_B,11230,11230720,동대문구,휘경1동
13597,망우로_J,11230,11230730,동대문구,휘경2동
12264,이문로,11230,11230740,동대문구,이문1동
12174,휘경로_A,11230,11230740,동대문구,이문1동
12171,이문로30길_B,11230,11230740,동대문구,이문1동
12274,휘경로_B,11230,11230740,동대문구,이문1동
13554,휘경로3길,11230,11230740,동대문구,이문1동
12170,이문로30길_A,11230,11230740,동대문구,이문1동
12273,망우로32길,11260,11260520,중랑구,면목2동
12224,봉우재로14길,11260,11260520,중랑구,면목2동
12257,망우로30길,11260,11260520,중랑구,면목2동
12355,면목로_K,11260,11260540,중랑구,면목4동
12227,상봉로11길,11260,11260565,중랑구,면목본동
12217,면목로_B,11260,11260565,중랑구,면목본동
12240,면목로74길,11260,11260565,중랑구,면목본동
12316,면목로_J,11260,11260565,중랑구,면목본동
13623,면목로_P,11260,11260565,중랑구,면목본동
12246,겸재로_B,11260,11260565,중랑구,면목본동
12242,겸재로_A,11260,11260565,중랑구,면목본동
12216,면목로_A,11260,11260565,중랑구,면목본동
12300,면목로_H,11260,11260565,중랑구,면목본동
12369,사가정로50길,11260,11260570,중랑구,면목7동
12312,사가정로_C,11260,11260570,중랑구,면목7동
12310,면목로_I,11260,11260570,중랑구,면목7동
12294,면목로_G,11260,11260570,중랑구,면목7동
12378,면목로39길,11260,11260570,중랑구,면목7동
12298,사가정로_B,11260,11260575,중랑구,면목3.8동
12247,용마산로_B,11260,11260575,중랑구,면목3.8동
12283,면목로_E,11260,11260575,중랑구,면목3.8동
12291,사가정로_A,11260,11260575,중랑구,면목3.8동
12293,면목로_F,11260,11260575,중랑구,면목3.8동
12313,면목로55길,11260,11260575,중랑구,면목3.8동
12210,용마산로_A,11260,11260575,중랑구,면목3.8동
13557,면목로48길,11260,11260575,중랑구,면목3.8동
12278,면목로_D,11260,11260575,중랑구,면목3.8동
12175,망우로_B,11260,11260580,중랑구,상봉1동
12275,봉우재로43길,11260,11260590,중랑구,상봉2동
12276,봉우재로33길_B,11260,11260590,중랑구,상봉2동
12262,동일로_W,11260,11260590,중랑구,상봉2동
12254,망우로_H,11260,11260590,중랑구,상봉2동
12251,면목로_C,11260,11260590,중랑구,상봉2동
12250,망우로_G,11260,11260590,중랑구,상봉2동
12182,망우로_D,11260,11260590,중랑구,상봉2동
12272,봉우재로33길_A,11260,11260590,중랑구,상봉2동
12194,동일로_T,11260,11260600,중랑구,중화1동
12193,동일로_S,11260,11260600,중랑구,중화1동
12192,동일로_R,11260,11260600,중랑구,중화1동
12181,중랑역로_F,11260,11260610,중랑구,중화2동
12130,중랑역로_B,11260,11260610,중랑구,중화2동
12200,동일로_V,11260,11260610,중랑구,중화2동
12265,망우로_I,11260,11260610,중랑구,중화2동
12197,중랑역로_G,11260,11260610,중랑구,중화2동
12195,동일로_U,11260,11260610,중랑구,중화2동
12168,중랑역로_E,11260,11260610,중랑구,중화2동
12144,중랑역로_D,11260,11260610,중랑구,중화2동
12091,공릉로2길,11260,11260620,중랑구,묵1동
12109,숙선옹주로,11260,11260620,중랑구,묵1동
12120,공릉로_E,11260,11260620,중랑구,묵1동
12112,중랑역로_A,11260,11260620,중랑구,묵1동
12119,공릉로_D,11260,11260620,중랑구,묵1동
12156,동일로_Q,11260,11260630,중랑구,묵2동
12103,동일로_O,11260,11260630,중랑구,묵2동
12106,동일로_P,11260,11260630,중랑구,묵2동
12134,중랑역로_C,11260,11260630,중랑구,묵2동
12203,망우로_F,11260,11260655,중랑구,망우본동
12166,망우로_A,11260,11260655,중랑구,망우본동
12165,용마산로115길_A,11260,11260655,중랑구,망우본동
12267,용마공원로,11260,11260655,중랑구,망우본동
12178,망우로62길,11260,11260655,중랑구,망우본동
12169,용마산로115길_B,11260,11260655,중랑구,망우본동
12176,망우로_C,11260,11260655,중랑구,망우본동
12256,용마산로_C,11260,11260660,중랑구,망우3동
12185,망우로_E,11260,11260680,중랑구,신내1동
13521,봉화산로_B,11260,11260680,중랑구,신내1동
12146,신내로14길,11260,11260680,중랑구,신내1동
12129,신내로_B,11260,11260680,중랑구,신내1동
12135,봉화산로56길,11260,11260680,중랑구,신내1동
12128,봉화산로_A,11260,11260690,중랑구,신내2동
12125,신내로_A,11260,11260690,중랑구,신내2동
12238,성북로,11290,11290525,성북구,성북동
12236,동소문로_F,11290,11290555,성북구,삼선동
12234,동소문로_E,11290,11290555,성북구,삼선동
12235,삼선교로_B,11290,11290555,성북구,삼선동
12230,동소문로6길,11290,11290555,성북구,삼선동
13616,삼선교로10길,11290,11290555,성북구,삼선동
13603,보문로38길,11290,11290555,성북구,삼선동
12212,보문로_A,11290,11290555,성북구,삼선동
12208,동소문로_C,11290,11290555,성북구,삼선동
12207,삼선교로_A,11290,11290555,성북구,삼선동
12223,보문로_C,11290,11290555,성북구,삼선동
12222,보문로_B,11290,11290555,성북구,삼선동
12218,동소문로_D,11290,11290555,성북구,삼선동
12271,동소문로_I,11290,11290555,성북구,삼선동
12228,보문로30길,11290,11290575,성북구,동선동
12179,아리랑로_A,11290,11290575,성북구,동선동
12269,아리랑로_C,11290,11290575,성북구,동선동
12255,동소문로_G,11290,11290575,성북구,동선동
12258,동소문로_H,11290,11290575,성북구,동선동
12268,아리랑로_B,11290,11290575,성북구,동선동
12270,동소문로28길,11290,11290575,성북구,동선동
12325,안암로_D,11290,11290600,성북구,안암동
12288,안암로_C,11290,11290600,성북구,안암동
13577,개운사길_B,11290,11290600,성북구,안암동
12324,인촌로24길,11290,11290600,성북구,안암동
12320,개운사길_A,11290,11290600,성북구,안암동
12315,보문로_E,11290,11290610,성북구,보문동
12232,보문로_D,11290,11290610,성북구,보문동
13558,보문로_F,11290,11290610,성북구,보문동
12148,정릉로_B,11290,11290630,성북구,정릉2동
12155,보국문로_C,11290,11290630,성북구,정릉2동
12142,정릉로26길,11290,11290630,성북구,정릉2동
12154,보국문로11길,11290,11290640,성북구,정릉3동
12151,보국문로_B,11290,11290650,성북구,정릉4동
12110,보국문로_A,11290,11290650,성북구,정릉4동
12136,동소문로_A,11290,11290660,성북구,길음1동
12140,길음로_A,11290,11290660,성북구,길음1동
13507,길음로_B,11290,11290660,성북구,길음1동
12145,길음로7길,11290,11290660,성북구,길음1동
12138,동소문로_B,11290,11290685,성북구,길음2동
12157,도봉로_S,11290,11290685,성북구,길음2동
12167,종암로_A,11290,11290705,성북구,종암동
12172,종암로19길,11290,11290705,성북구,종암동
12189,종암로_C,11290,11290705,성북구,종암동
12147,정릉로_A,11290,11290705,성북구,종암동
12201,종암로_D,11290,11290705,성북구,종암동
12186,종암로_B,11290,11290705,성북구,종암동
13533,종암로22길,11290,11290705,성북구,종암동
12108,월계로_B,11290,11290715,성북구,월곡1동
12143,화랑로_C,11290,11290725,성북구,월곡2동
12139,오패산로,11290,11290725,성북구,월곡2동
12131,화랑로13길,11290,11290725,성북구,월곡2동
13505,화랑로11길,11290,11290725,성북구,월곡2동
12098,장위로38길,11290,11290770,성북구,장위2동
12092,한천로78길,11290,11290810,성북구,석관동
13609,돌곶이로,11290,11290810,성북구,석관동
12069,솔샘로_B,11305,11305534,강북구,삼양동
12034,도봉로67길_B,11305,11305534,강북구,삼양동
12032,도봉로_K,11305,11305535,강북구,미아동
12033,도봉로_L,11305,11305535,강북구,미아동
12085,도봉로_Q,11305,11305535,강북구,미아동
12088,도봉로_R,11305,11305535,강북구,미아동
12079,도봉로_P,11305,11305535,강북구,미아동
12081,솔매로,11305,11305535,강북구,미아동
12031,덕릉로_B,11305,11305535,강북구,미아동
12030,도봉로67길_A,11305,11305535,강북구,미아동
12077,도봉로50길,11305,11305535,강북구,미아동
12094,월계로7길,11305,11305545,강북구,송중동
12116,도봉로10다길,11305,11305545,강북구,송중동
13631,도봉로_T,11305,11305545,강북구,송중동
12102,월계로7나길,11305,11305545,강북구,송중동
12090,월계로_A,11305,11305545,강북구,송중동
12074,솔샘로67길,11305,11305555,강북구,송천동
12123,솔샘로64길,11305,11305555,강북구,송천동
12064,솔샘로_A,11305,11305575,강북구,삼각산동
12044,도봉로_N,11305,11305590,강북구,번1동
12048,도봉로_O,11305,11305590,강북구,번1동
12041,덕릉로_C,11305,11305590,강북구,번1동
12028,도봉로_J,11305,11305610,강북구,수유1동
12029,도봉로71길,11305,11305610,강북구,수유1동
12039,도봉로_M,11305,11305610,강북구,수유1동
12035,도봉로77길,11305,11305610,강북구,수유1동
12057,노해로_C,11305,11305630,강북구,수유3동
12052,한천로_B,11305,11305630,강북구,수유3동
12038,노해로_B,11305,11305630,강북구,수유3동
12047,노해로11길,11305,11305630,강북구,수유3동
12045,한천로_A,11305,11305630,강북구,수유3동
12054,한천로140길,11305,11305630,강북구,수유3동
12043,한천로143길,11305,11305630,강북구,수유3동
12050,노해로17길,11305,11305630,강북구,수유3동
12037,수유로,11305,11305660,강북구,인수동
12000,도봉로114길,11320,11320511,도봉구,창1동
12002,도봉로_F,11320,11320511,도봉구,창1동
12003,도봉로_G,11320,11320511,도봉구,창1동
12053,덕릉로57길,11320,11320512,도봉구,창2동
13520,덕릉로_F,11320,11320512,도봉구,창2동
12056,덕릉로_E,11320,11320512,도봉구,창2동
12055,덕릉로_D,11320,11320513,도봉구,창3동
12042,덕릉로60길,11320,11320513,도봉구,창3동
12017,노해로65길,11320,11320515,도봉구,창5동
12025,노해로63길,11320,11320515,도봉구,창5동
11953,도봉로_A,11320,11320521,도봉구,도봉1동
11958,도봉로181길_B,11320,11320521,도봉구,도봉1동
13528,도봉로169나길,11320,11320521,도봉구,도봉1동
11957,도봉로181길_A,11320,11320521,도봉구,도봉1동
11983,도봉로156길,11320,11320522,도봉구,도봉2동
13651,도봉로152가길,11320,11320522,도봉구,도봉2동
12026,삼양로144길,11320,11320660,도봉구,쌍문1동
11961,해등로_A,11320,11320670,도봉구,쌍문2동
11966,해등로_B,11320,11320670,도봉구,쌍문2동
12016,도봉로_I,11320,11320670,도봉구,쌍문2동
12014,도봉로_H,11320,11320680,도봉구,쌍문3동
12005,도봉로113길,11320,11320680,도봉구,쌍문3동
11998,도봉로109길,11320,11320680,도봉구,쌍문3동
12001,도봉로_E,11320,11320680,도봉구,쌍문3동
11994,도봉로_D,11320,11320690,도봉구,방학1동
11992,도봉로150길,11320,11320690,도봉구,방학1동
11990,마들로,11320,11320690,도봉구,방학1동
11987,도당로_B,11320,11320690,도봉구,방학1동
11984,도봉로145길,11320,11320690,도봉구,방학1동
11982,도당로_A,11320,11320690,도봉구,방학1동
11979,도당로27길,11320,11320690,도봉구,방학1동
11972,도봉로_B,11320,11320690,도봉구,방학1동
11980,도봉로_C,11320,11320690,도봉구,방학1동
11993,도당로13길_A,11320,11320700,도봉구,방학2동
11981,방학로10길,11320,11320700,도봉구,방학2동
13619,방학로_B,11320,11320700,도봉구,방학2동
11995,도당로13길_B,11320,11320700,도봉구,방학2동
11973,방학로_A,11320,11320710,도봉구,방학3동
12122,석계로_B,11350,11350560,노원구,월계1동
12058,석계로_A,11350,11350560,노원구,월계1동
12124,석계로9길,11350,11350560,노원구,월계1동
12111,석계로1길,11350,11350560,노원구,월계1동
12086,동일로192길,11350,11350595,노원구,공릉1동
12071,동일로_L,11350,11350595,노원구,공릉1동
12073,동일로_M,11350,11350595,노원구,공릉1동
12117,화랑로_A,11350,11350595,노원구,공릉1동
12076,동일로_N,11350,11350595,노원구,공릉1동
12084,동일로197길,11350,11350595,노원구,공릉1동
12059,동일로180길,11350,11350595,노원구,공릉1동
12060,공릉로_A,11350,11350595,노원구,공릉1동
12126,화랑로_B,11350,11350595,노원구,공릉1동
12087,공릉로_C,11350,11350600,노원구,공릉2동
12075,공릉로_B,11350,11350600,노원구,공릉2동
12013,한글비석로_I,11350,11350619,노원구,중계본동
12019,한글비석로_K,11350,11350619,노원구,중계본동
12006,한글비석로_G,11350,11350619,노원구,중계본동
12011,한글비석로_H,11350,11350621,노원구,중계1동
12004,한글비석로_F,11350,11350621,노원구,중계1동
12018,한글비석로_J,11350,11350621,노원구,중계1동
11959,한글비석로_A,11350,11350624,노원구,중계4동
11971,덕릉로83길,11350,11350624,노원구,중계4동
11967,덕릉로_A,11350,11350624,노원구,중계4동
11969,한글비석로20길_B,11350,11350624,노원구,중계4동
13618,한글비석로_L,11350,11350624,노원구,중계4동
11963,한글비석로20길_A,11350,11350624,노원구,중계4동
12046,섬밭로,11350,11350625,노원구,중계2.3동
12051,동일로203가길,11350,11350625,노원구,중계2.3동
11950,동일로_B,11350,11350630,노원구,상계1동
11954,동일로_C,11350,11350630,노원구,상계1동
11949,동일로_A,11350,11350630,노원구,상계1동
11956,동일로242가길,11350,11350630,노원구,상계1동
11955,동일로_D,11350,11350630,노원구,상계1동
11948,동일로242길,11350,11350630,노원구,상계1동
11960,노원로,11350,11350640,노원구,상계2동
12015,노해로_A,11350,11350640,노원구,상계2동
12024,노해로85길,11350,11350640,노원구,상계2동
11962,상계로,11350,11350640,노원구,상계2동
11964,상계로23다길,11350,11350640,노원구,상계2동
13543,한글비석로24길,11350,11350670,노원구,상계5동
13563,한글비석로52길,11350,11350670,노원구,상계5동
11975,한글비석로_B,11350,11350670,노원구,상계5동
11977,한글비석로_C,11350,11350670,노원구,상계5동
11978,한글비석로_D,11350,11350670,노원구,상계5동
11974,노원로34길,11350,11350670,노원구,상계5동
11970,상계로27길,11350,11350670,노원구,상계5동
12010,동일로_I,11350,11350695,노원구,상계6.7동
12009,동일로_H,11350,11350695,노원구,상계6.7동
12012,동일로_J,11350,11350695,노원구,상계6.7동
11997,동일로_G,11350,11350695,노원구,상계6.7동
13513,동일로217가길,11350,11350695,노원구,상계6.7동
12021,동일로_K,11350,11350695,노원구,상계6.7동
11989,동일로_F,11350,11350700,노원구,상계8동
11988,동일로_E,11350,11350710,노원구,상계9동
11986,한글비석로_E,11350,11350710,노원구,상계9동
11965,상계로1길,11350,11350720,노원구,상계10동
12158,진흥로_B,11380,11380510,은평구,녹번동
12162,통일로_D,11380,11380510,은평구,녹번동
12137,은평로_A,11380,11380510,은평구,녹번동
12132,서오릉로_E,11380,11380510,은평구,녹번동
12100,불광로_A,11380,11380520,은평구,불광1동
12089,통일로_B,11380,11380520,은평구,불광1동
12067,통일로_A,11380,11380530,은평구,불광2동
13606,통일로_N,11380,11380530,은평구,불광2동
12065,연서로_A,11380,11380530,은평구,불광2동
12062,연서로29길,11380,11380551,은평구,갈현1동
12072,통일로83길,11380,11380551,은평구,갈현1동
12070,통일로87길,11380,11380551,은평구,갈현1동
12063,갈현로_A,11380,11380552,은평구,갈현2동
12121,연서로27길,11380,11380552,은평구,갈현2동
12093,서오릉로_A,11380,11380552,은평구,갈현2동
12101,서오릉로_C,11380,11380552,은평구,갈현2동
12066,갈현로_B,11380,11380552,은평구,갈현2동
12115,갈현로_C,11380,11380552,은평구,갈현2동
12107,연서로_C,11380,11380560,은평구,구산동
12105,서오릉로_D,11380,11380560,은평구,구산동
12114,연서로26길,11380,11380570,은평구,대조동
12113,통일로73길,11380,11380570,은평구,대조동
13650,통일로69길,11380,11380570,은평구,대조동
12097,연서로_B,11380,11380570,은평구,대조동
12118,통일로_C,11380,11380570,은평구,대조동
12150,서오릉로_F,11380,11380570,은평구,대조동
12095,서오릉로_B,11380,11380570,은평구,대조동
12159,불광로_B,11380,11380570,은평구,대조동
12184,은평로9길,11380,11380580,은평구,응암1동
12187,은평로_B,11380,11380580,은평구,응암1동
13593,응암로_F,11380,11380580,은평구,응암1동
12198,은평로_D,11380,11380580,은평구,응암1동
12204,은평로11길,11380,11380580,은평구,응암1동
12202,은평로_E,11380,11380580,은평구,응암1동
12233,가좌로,11380,11380600,은평구,응암3동
13555,응암로12길,11380,11380600,은평구,응암3동
12237,응암로4길,11380,11380600,은평구,응암3동
12229,응암로13길_A,11380,11380600,은평구,응암3동
12244,응암로14길,11380,11380600,은평구,응암3동
13615,응암로13길_B,11380,11380600,은평구,응암3동
12231,응암로_A,11380,11380600,은평구,응암3동
12190,연서로_D,11380,11380625,은평구,역촌동
12152,서오릉로_G,11380,11380625,은평구,역촌동
13569,서오릉로_H,11380,11380625,은평구,역촌동
12199,갈현로_D,11380,11380631,은평구,신사1동
12188,은평로_C,11380,11380631,은평구,신사1동
12205,갈현로_E,11380,11380631,은평구,신사1동
12211,증산로15길,11380,11380640,은평구,증산동
12319,수색로_A,11380,11380650,은평구,수색동
13559,은평터널로,11380,11380650,은평구,수색동
12049,진관3로,11380,11380690,은평구,진관동
12338,영천시장길,11410,11410520,서대문구,천연동
12457,통일로_L,11410,11410520,서대문구,천연동
12337,통일로_J,11410,11410520,서대문구,천연동
12455,통일로_K,11410,11410520,서대문구,천연동
12410,충정로,11410,11410565,서대문구,충현동
12515,서소문로,11410,11410565,서대문구,충현동
12389,성산로,11410,11410585,서대문구,신촌동
13510,신촌로_E,11410,11410585,서대문구,신촌동
12504,신촌역로,11410,11410585,서대문구,신촌동
12492,연세로2길,11410,11410585,서대문구,신촌동
12535,신촌로_D,11410,11410585,서대문구,신촌동
12453,연희로_C,11410,11410615,서대문구,연희동
12447,연희로_B,11410,11410615,서대문구,연희동
12443,연희맛로_B,11410,11410615,서대문구,연희동
12439,연희로_A,11410,11410615,서대문구,연희동
12435,연희맛로_A,11410,11410615,서대문구,연희동
12215,통일로_E,11410,11410620,서대문구,홍제1동
12321,통일로_H,11410,11410620,서대문구,홍제1동
12259,통일로_G,11410,11410620,서대문구,홍제1동
12206,홍은중앙로,11410,11410640,서대문구,홍제3동
12263,인왕시장길_B,11410,11410640,서대문구,홍제3동
12225,통일로_F,11410,11410640,서대문구,홍제3동
12253,인왕시장길_A,11410,11410640,서대문구,홍제3동
13601,통일로_M,11410,11410655,서대문구,홍제2동
12323,통일로_I,11410,11410655,서대문구,홍제2동
12277,세검정로1길,11410,11410660,서대문구,홍은1동
12282,거북골로_A,11410,11410685,서대문구,홍은2동
12279,명지대길,11410,11410685,서대문구,홍은2동
12307,거북골로_B,11410,11410685,서대문구,홍은2동
12329,수색로4가길,11410,11410690,서대문구,남가좌1동
12346,수색로2길,11410,11410690,서대문구,남가좌1동
12450,수색로_C,11410,11410690,서대문구,남가좌1동
12440,수색로_B,11410,11410690,서대문구,남가좌1동
13509,거북골로_C,11410,11410700,서대문구,남가좌2동
12376,증가로_B,11410,11410700,서대문구,남가좌2동
12364,증가로_A,11410,11410700,서대문구,남가좌2동
12305,응암로_E,11410,11410720,서대문구,북가좌2동
12301,응암로_C,11410,11410720,서대문구,북가좌2동
12304,응암로_D,11410,11410720,서대문구,북가좌2동
12281,응암로_B,11410,11410720,서대문구,북가좌2동
12674,마포대로8길,11440,11440555,마포구,아현동
12622,마포대로,11440,11440555,마포구,아현동
12663,마포대로12길,11440,11440555,마포구,아현동
12481,굴레방로,11440,11440555,마포구,아현동
12659,마포대로14길,11440,11440565,마포구,공덕동
12725,만리재로,11440,11440565,마포구,공덕동
12719,도화길,11440,11440585,마포구,도화동
12689,마포대로4길,11440,11440585,마포구,도화동
12599,백범로_A,11440,11440600,마포구,대흥동
12464,신촌로_A,11440,11440600,마포구,대흥동
12495,신촌로_C,11440,11440600,마포구,대흥동
12670,백범로_C,11440,11440600,마포구,대흥동
12459,고산길,11440,11440600,마포구,대흥동
13565,백범로_E,11440,11440610,마포구,염리동
12616,백범로_B,11440,11440610,마포구,염리동
12479,숭문길,11440,11440610,마포구,염리동
12724,독막로_C,11440,11440610,마포구,염리동
12484,신촌로_B,11440,11440610,마포구,염리동
12652,창전로,11440,11440630,마포구,신수동
12672,백범로_D,11440,11440630,마포구,신수동
12666,독막로_B,11440,11440655,마포구,서강동
13526,와우산로_D,11440,11440655,마포구,서강동
12575,와우산로_B,11440,11440655,마포구,서강동
12478,신촌로4길,11440,11440660,마포구,서교동
12476,월드컵북로5나길,11440,11440660,마포구,서교동
12572,양화로_A,11440,11440660,마포구,서교동
12473,와우산로29길,11440,11440660,마포구,서교동
12471,와우산로_A,11440,11440660,마포구,서교동
12516,양화로23길,11440,11440660,마포구,서교동
12462,월드컵로_B,11440,11440660,마포구,서교동
12579,잔다리로,11440,11440660,마포구,서교동
12578,와우산로_C,11440,11440660,마포구,서교동
12577,서강로9길,11440,11440660,마포구,서교동
12517,월드컵북로_C,11440,11440660,마포구,서교동
12654,독막로_A,11440,11440680,마포구,합정동
12563,월드컵로1길,11440,11440680,마포구,합정동
12662,독막로8길,11440,11440680,마포구,합정동
12675,양화로_B,11440,11440680,마포구,합정동
12587,포은로_B,11440,11440690,마포구,망원1동
12475,월드컵로_C,11440,11440690,마포구,망원1동
12477,망원로,11440,11440690,마포구,망원1동
12593,포은로_C,11440,11440690,마포구,망원1동
12502,포은로_A,11440,11440690,마포구,망원1동
12499,월드컵로_E,11440,11440690,마포구,망원1동
12488,월드컵로_D,11440,11440690,마포구,망원1동
12537,월드컵로25길_B,11440,11440700,마포구,망원2동
12505,월드컵로_F,11440,11440700,마포구,망원2동
12520,월드컵로25길_A,11440,11440700,마포구,망원2동
12421,동교로,11440,11440710,마포구,연남동
12519,월드컵북로6길_B,11440,11440710,마포구,연남동
12528,동교로27길,11440,11440710,마포구,연남동
12423,월드컵북로6길_A,11440,11440710,마포구,연남동
12529,연희로_D,11440,11440710,마포구,연남동
12514,성미산로,11440,11440720,마포구,성산1동
12508,월드컵로_G,11440,11440720,마포구,성산1동
12340,월드컵북로_A,11440,11440730,마포구,성산2동
12411,월드컵로_A,11440,11440730,마포구,성산2동
12429,월드컵로36길,11440,11440730,마포구,성산2동
12358,월드컵북로44길_A,11440,11440740,마포구,상암동
12371,월드컵북로_B,11440,11440740,마포구,상암동
12368,월드컵북로44길_B,11440,11440740,마포구,상암동
12372,매봉산로2길,11440,11440740,마포구,상암동
12845,목동서로_A,11470,11470510,양천구,목1동
12936,목동동로12길_B,11470,11470510,양천구,목1동
12950,오목로54길,11470,11470510,양천구,목1동
12855,오목로_D,11470,11470510,양천구,목1동
12923,오목로_E,11470,11470510,양천구,목1동
13632,오목로_H,11470,11470510,양천구,목1동
12860,목동로_B,11470,11470510,양천구,목1동
12957,신목로2길,11470,11470510,양천구,목1동
12679,목동중앙북로16길,11470,11470520,양천구,목2동
12664,목동중앙본로,11470,11470520,양천구,목2동
12648,공항대로_I,11470,11470520,양천구,목2동
12682,목동중앙북로,11470,11470520,양천구,목2동
12561,목동중앙북로7길,11470,11470530,양천구,목3동
12678,등촌로_B,11470,11470530,양천구,목3동
12747,등촌로_D,11470,11470540,양천구,목4동
12702,목동중앙남로11길,11470,11470540,양천구,목4동
12714,목동중앙본로7길,11470,11470540,양천구,목4동
12745,등촌로_C,11470,11470540,양천구,목4동
12756,목동중앙서로,11470,11470540,양천구,목4동
13637,목동서로_D,11470,11470550,양천구,목5동
12773,목동동로_A,11470,11470550,양천구,목5동
13576,목동동로_C,11470,11470550,양천구,목5동
13636,목동동로_D,11470,11470550,양천구,목5동
12768,곰달래로5길,11470,11470560,양천구,신월1동
12746,곰달래로_A,11470,11470560,양천구,신월1동
13624,곰달래로13길_C,11470,11470560,양천구,신월1동
12814,가로공원로,11470,11470560,양천구,신월1동
12865,월정로_B,11470,11470560,양천구,신월1동
12763,곰달래로13길_B,11470,11470560,양천구,신월1동
12757,곰달래로13길_A,11470,11470560,양천구,신월1동
12825,남부순환로40길,11470,11470580,양천구,신월3동
12824,남부순환로_B,11470,11470580,양천구,신월3동
12787,남부순환로_A,11470,11470580,양천구,신월3동
12901,신월로_A,11470,11470590,양천구,신월4동
12966,오목로_F,11470,11470590,양천구,신월4동
12928,월정로_D,11470,11470590,양천구,신월4동
12828,화곡로4길,11470,11470600,양천구,신월5동
12730,화곡로13길,11470,11470600,양천구,신월5동
12908,신월로_B,11470,11470610,양천구,신월6동
13588,신월로_G,11470,11470610,양천구,신월6동
12924,지양로_A,11470,11470611,양천구,신월7동
12935,지양로_B,11470,11470611,양천구,신월7동
12937,지양로_C,11470,11470611,양천구,신월7동
12892,중앙로32길_A,11470,11470620,양천구,신정1동
12921,신월로_C,11470,11470620,양천구,신정1동
12917,중앙로32길_C,11470,11470620,양천구,신정1동
12931,신월로_D,11470,11470620,양천구,신정1동
12913,중앙로_C,11470,11470620,양천구,신정1동
12902,중앙로32길_B,11470,11470620,양천구,신정1동
12951,신목로_B,11470,11470630,양천구,신정2동
12897,신목로_A,11470,11470630,양천구,신정2동
12981,신목로5길,11470,11470630,양천구,신정2동
13517,목동동로8길,11470,11470630,양천구,신정2동
12934,목동동로12길_A,11470,11470630,양천구,신정2동
12893,목동동로10길,11470,11470630,양천구,신정2동
12911,중앙로_B,11470,11470640,양천구,신정3동
12909,중앙로_A,11470,11470640,양천구,신정3동
12998,중앙로_E,11470,11470640,양천구,신정3동
13629,중앙로_F,11470,11470640,양천구,신정3동
12977,신정이펜2로,11470,11470640,양천구,신정3동
12830,오목로_A,11470,11470650,양천구,신정4동
12952,신월로_F,11470,11470650,양천구,신정4동
12856,신정중앙로_A,11470,11470650,양천구,신정4동
12839,목동로_A,11470,11470650,양천구,신정4동
13537,오목로_G,11470,11470650,양천구,신정4동
12842,오목로_B,11470,11470650,양천구,신정4동
12858,신정중앙로_B,11470,11470650,양천구,신정4동
12961,중앙로_D,11470,11470650,양천구,신정4동
12943,신월로_E,11470,11470650,양천구,신정4동
12850,오목로_C,11470,11470650,양천구,신정4동
12942,목동서로_B,11470,11470670,양천구,신정6동
12982,목동서로_C,11470,11470670,양천구,신정6동
12997,목동동로_B,11470,11470680,양천구,신정7동
13036,목동남로4길_B,11470,11470680,양천구,신정7동
13034,목동남로4길_A,11470,11470680,양천구,신정7동
12562,양천로_I,11500,11500510,강서구,염창동
12565,양천로_J,11500,11500510,강서구,염창동
12673,공항대로_J,11500,11500510,강서구,염창동
12590,공항대로_H,11500,11500510,강서구,염창동
12531,양천로_G,11500,11500510,강서구,염창동
12474,공항대로45길,11500,11500520,강서구,등촌1동
12491,공항대로_D,11500,11500520,강서구,등촌1동
12581,공항대로_G,11500,11500520,강서구,등촌1동
12536,화곡로68길,11500,11500520,강서구,등촌1동
12591,양천로_K,11500,11500520,강서구,등촌1동
12542,양천로_H,11500,11500520,강서구,등촌1동
12490,양천로_F,11500,11500520,강서구,등촌1동
13516,등촌로_G,11500,11500530,강서구,등촌2동
12545,등촌로_A,11500,11500530,강서구,등촌2동
12511,화곡로63길,11500,11500535,강서구,등촌3동
12469,공항대로_B,11500,11500535,강서구,등촌3동
12534,공항대로41길_C,11500,11500535,강서구,등촌3동
12388,양천로_D,11500,11500535,강서구,등촌3동
12532,공항대로_E,11500,11500535,강서구,등촌3동
12523,공항대로41길_B,11500,11500535,강서구,등촌3동
12521,공항대로41길_A,11500,11500535,강서구,등촌3동
12772,강서로_J,11500,11500540,강서구,화곡1동
12716,화곡로_H,11500,11500540,강서구,화곡1동
12827,가로공원로76길_B,11500,11500540,강서구,화곡1동
12789,가로공원로80길,11500,11500540,강서구,화곡1동
12733,화곡로_K,11500,11500540,강서구,화곡1동
12738,강서로17길,11500,11500540,강서구,화곡1동
12800,가로공원로76길_A,11500,11500540,강서구,화곡1동
13571,강서로_L,11500,11500540,강서구,화곡1동
12742,월정로_A,11500,11500540,강서구,화곡1동
12874,강서로_K,11500,11500540,강서구,화곡1동
12881,월정로_C,11500,11500540,강서구,화곡1동
12884,강서로5나길,11500,11500540,강서구,화곡1동
12871,곰달래로_D,11500,11500550,강서구,화곡2동
12650,강서로45길_B,11500,11500560,강서구,화곡3동
13594,강서로_M,11500,11500560,강서구,화곡3동
13506,화곡로_L,11500,11500560,강서구,화곡3동
12713,화곡로_G,11500,11500560,강서구,화곡3동
12645,강서로45길_A,11500,11500560,강서구,화곡3동
12681,강서로_G,11500,11500560,강서구,화곡3동
12721,화곡로_I,11500,11500560,강서구,화곡3동
12748,등촌로_E,11500,11500570,강서구,화곡4동
12780,곰달래로_C,11500,11500570,강서구,화곡4동
13635,곰달래로_E,11500,11500570,강서구,화곡4동
12761,등촌로_F,11500,11500570,강서구,화곡4동
12620,화곡로_E,11500,11500590,강서구,화곡본동
12677,화곡로_F,11500,11500590,강서구,화곡본동
13574,화곡로_M,11500,11500590,강서구,화곡본동
12711,까치산로4길,11500,11500590,강서구,화곡본동
12619,화곡로_D,11500,11500590,강서구,화곡본동
12470,화곡로_A,11500,11500591,강서구,화곡6동
13534,까치산로_B,11500,11500591,강서구,화곡6동
12472,공항대로_C,11500,11500591,강서구,화곡6동
12548,까치산로_A,11500,11500591,강서구,화곡6동
12560,화곡로_B,11500,11500591,강서구,화곡6동
12753,강서로_H,11500,11500593,강서구,화곡8동
12749,곰달래로_B,11500,11500593,강서구,화곡8동
12758,강서로16길,11500,11500593,강서구,화곡8동
12767,강서로_I,11500,11500593,강서구,화곡8동
12766,강서로18길,11500,11500593,강서구,화곡8동
12759,강서로12길,11500,11500593,강서구,화곡8동
12452,양천로_E,11500,11500603,강서구,가양1동
12335,강서로_A,11500,11500603,강서구,가양1동
12416,양천로57길,11500,11500604,강서구,가양2동
12486,강서로_B,11500,11500611,강서구,발산1동
12595,강서로_F,11500,11500611,강서구,발산1동
12550,강서로45라길,11500,11500611,강서구,발산1동
12549,강서로_C,11500,11500611,강서구,발산1동
12551,강서로_D,11500,11500611,강서구,발산1동
12482,우장산로,11500,11500615,강서구,우장산동
12723,화곡로_J,11500,11500615,강서구,우장산동
12576,강서로_E,11500,11500615,강서구,우장산동
12533,공항대로_F,11500,11500615,강서구,우장산동
12604,화곡로_C,11500,11500615,강서구,우장산동
12394,공항대로_A,11500,11500620,강서구,공항동
12449,방화동로_G,11500,11500620,강서구,공항동
12351,방화동로_B,11500,11500630,강서구,방화1동
12354,양천로_B,11500,11500630,강서구,방화1동
12361,금낭화로_D,11500,11500630,강서구,방화1동
12356,양천로_C,11500,11500630,강서구,방화1동
12442,방화동로_E,11500,11500630,강서구,방화1동
12334,양천로_A,11500,11500640,강서구,방화2동
12448,방화동로_F,11500,11500640,강서구,방화2동
12332,금낭화로_C,11500,11500640,강서구,방화2동
12397,방화동로_C,11500,11500640,강서구,방화2동
12331,방화동로_A,11500,11500640,강서구,방화2동
12438,방화동로_D,11500,11500640,강서구,방화2동
12297,금낭화로_A,11500,11500641,강서구,방화3동
12303,금낭화로_B,11500,11500641,강서구,방화3동
13014,경인로59길,11530,11530510,구로구,신도림동
13227,구일로10길,11530,11530520,구로구,구로1동
13300,구로동로28길_B,11530,11530530,구로구,구로2동
13626,구로중앙로_B,11530,11530530,구로구,구로2동
13278,구로동로_D,11530,11530530,구로구,구로2동
13136,구로동로42길,11530,11530530,구로구,구로2동
13137,구로동로_A,11530,11530530,구로구,구로2동
13345,구로동로_F,11530,11530530,구로구,구로2동
13246,구로동로_B,11530,11530530,구로구,구로2동
13247,디지털로31길,11530,11530540,구로구,구로3동
13293,도림로_E,11530,11530550,구로구,구로4동
13295,구로중앙로_A,11530,11530550,구로구,구로4동
13301,구로동로22길,11530,11530550,구로구,구로4동
13185,구로중앙로14길,11530,11530550,구로구,구로4동
13281,구로동로26길_A,11530,11530550,구로구,구로4동
13317,도림로_F,11530,11530550,구로구,구로4동
13286,구로동로26길_B,11530,11530550,구로구,구로4동
13289,도림로_D,11530,11530550,구로구,구로4동
13261,구로동로_C,11530,11530550,구로구,구로4동
13290,구로동로28길_A,11530,11530550,구로구,구로4동
13116,새말로16길,11530,11530560,구로구,구로5동
13234,가마산로_B,11530,11530560,구로구,구로5동
13073,구로중앙로28길,11530,11530560,구로구,구로5동
13176,공원로,11530,11530560,구로구,구로5동
13091,공원로8길,11530,11530560,구로구,구로5동
13052,새말로_A,11530,11530560,구로구,구로5동
13323,구로동로_E,11530,11530595,구로구,가리봉동
13414,우마길,11530,11530595,구로구,가리봉동
13387,디지털로_B,11530,11530595,구로구,가리봉동
13408,구로동로_G,11530,11530595,구로구,가리봉동
13363,디지털로_A,11530,11530595,구로구,가리봉동
13175,중앙로6길,11530,11530720,구로구,고척1동
13144,경인로_C,11530,11530720,구로구,고척1동
13083,경인로47길_C,11530,11530720,구로구,고척1동
13129,경인로_A,11530,11530720,구로구,고척1동
13053,경인로47길_A,11530,11530720,구로구,고척1동
13072,경인로47길_B,11530,11530720,구로구,고척1동
13046,고척로40길,11530,11530730,구로구,고척2동
13070,경인로35길,11530,11530730,구로구,고척2동
13019,고척로_A,11530,11530730,구로구,고척2동
13547,고척로_C,11530,11530730,구로구,고척2동
13069,고척로_B,11530,11530730,구로구,고척2동
13241,개봉로23가길,11530,11530740,구로구,개봉1동
13612,고척로_D,11530,11530740,구로구,개봉1동
13135,경인로_B,11530,11530740,구로구,개봉1동
13158,경서로,11530,11530740,구로구,개봉1동
13544,고척로30길,11530,11530740,구로구,개봉1동
13238,남부순환로97길,11530,11530750,구로구,개봉2동
13186,개봉로17길,11530,11530750,구로구,개봉2동
13328,개봉로3길_A,11530,11530760,구로구,개봉3동
13329,개봉로3길_B,11530,11530760,구로구,개봉3동
13348,개봉로3길_C,11530,11530760,구로구,개봉3동
13353,개봉로11길,11530,11530760,구로구,개봉3동
13207,개봉로20길,11530,11530760,구로구,개봉3동
13223,경인로_D,11530,11530770,구로구,오류1동
13202,오류로8길_B,11530,11530780,구로구,오류2동
13199,오류로8길_A,11530,11530780,구로구,오류2동
13332,천왕로,11530,11530780,구로구,오류2동
13291,오류로8길_C,11530,11530780,구로구,오류2동
13189,부일로15길,11530,11530790,구로구,수궁동
13448,가산로_A,11545,11545510,금천구,가산동
13381,서부샛길,11545,11545510,금천구,가산동
13441,시흥대로153길,11545,11545510,금천구,가산동
13370,가산디지털2로,11545,11545510,금천구,가산동
13458,시흥대로_G,11545,11545610,금천구,독산1동
13480,가산로_B,11545,11545610,금천구,독산1동
13451,시흥대로151길,11545,11545610,금천구,독산1동
13436,시흥대로_F,11545,11545610,금천구,독산1동
13428,가산로3길,11545,11545610,금천구,독산1동
13464,범안로_B,11545,11545620,금천구,독산2동
13459,독산로64길,11545,11545620,금천구,독산2동
13463,시흥대로_H,11545,11545620,금천구,독산2동
13489,독산로_F,11545,11545620,금천구,독산2동
13419,독산로85길,11545,11545630,금천구,독산3동
13442,독산로_A,11545,11545630,금천구,독산3동
13360,남부순환로_F,11545,11545630,금천구,독산3동
13425,시흥대로138길,11545,11545630,금천구,독산3동
13364,남부순환로_G,11545,11545630,금천구,독산3동
13424,시흥대로148길,11545,11545630,금천구,독산3동
13443,독산로_B,11545,11545630,금천구,독산3동
13467,독산로75길,11545,11545640,금천구,독산4동
13481,시흥대로122길,11545,11545640,금천구,독산4동
13460,범안로_A,11545,11545640,금천구,독산4동
13476,시흥대로_I,11545,11545640,금천구,독산4동
13473,독산로_C,11545,11545640,금천구,독산4동
13491,시흥대로_J,11545,11545670,금천구,시흥1동
13500,금하로_C,11545,11545670,금천구,시흥1동
13493,금하로_A,11545,11545670,금천구,시흥1동
13490,은행나무로,11545,11545670,금천구,시흥1동
13487,시흥대로62길,11545,11545670,금천구,시흥1동
13486,독산로39길,11545,11545670,금천구,시흥1동
13484,독산로_D,11545,11545670,금천구,시흥1동
13497,시흥대로50길,11545,11545670,금천구,시흥1동
13502,시흥대로_L,11545,11545690,금천구,시흥3동
13503,시흥대로_M,11545,11545690,금천구,시흥3동
13492,시흥대로_K,11545,11545690,금천구,시흥3동
13488,독산로_E,11545,11545700,금천구,시흥4동
13496,금하로_B,11545,11545700,금천구,시흥4동
13494,독산로_G,11545,11545710,금천구,시흥5동
13499,금하로25길,11545,11545710,금천구,시흥5동
13495,금하로24길,11545,11545710,금천구,시흥5동
12891,영신로40길,11560,11560535,영등포구,영등포동
12872,영중로_B,11560,11560535,영등포구,영등포동
12929,영중로24길,11560,11560535,영등포구,영등포동
12964,영중로_C,11560,11560535,영등포구,영등포동
12933,버드나루로7길,11560,11560535,영등포구,영등포동
12945,버드나루로_A,11560,11560535,영등포구,영등포동
12962,버드나루로_B,11560,11560535,영등포구,영등포동
12832,영중로_A,11560,11560535,영등포구,영등포동
13627,의사당대로_B,11560,11560540,영등포구,여의동
12912,국제금융로,11560,11560540,영등포구,여의동
12895,의사당대로_A,11560,11560540,영등포구,여의동
12840,양산로_A,11560,11560550,영등포구,당산1동
12903,영등포로_A,11560,11560550,영등포구,당산1동
12852,당산로31길,11560,11560550,영등포구,당산1동
12956,양산로_B,11560,11560550,영등포구,당산1동
12930,당산로_B,11560,11560550,영등포구,당산1동
12925,영등포로25길,11560,11560550,영등포구,당산1동
12915,영등포로_B,11560,11560550,영등포구,당산1동
12866,당산로36길,11560,11560560,영등포구,당산2동
12736,당산로_A,11560,11560560,영등포구,당산2동
11947,당산로44길,11560,11560560,영등포구,당산2동
12878,당산로37길,11560,11560560,영등포구,당산2동
12752,양평로_D,11560,11560560,영등포구,당산2동
12754,양평로_E,11560,11560560,영등포구,당산2동
12890,선유로_A,11560,11560605,영등포구,문래동
12992,도림로_A,11560,11560605,영등포구,문래동
12905,선유로_B,11560,11560605,영등포구,문래동
12938,영등포로_D,11560,11560610,영등포구,양평1동
12947,선유로_C,11560,11560610,영등포구,양평1동
12963,영등포로_E,11560,11560610,영등포구,양평1동
12948,영등포로5길,11560,11560610,영등포구,양평1동
12926,영등포로_C,11560,11560610,영등포구,양평1동
12899,영등포로18길,11560,11560610,영등포구,양평1동
12944,선유로24길,11560,11560610,영등포구,양평1동
12688,양평로_A,11560,11560620,영등포구,양평2동
12695,양평로_C,11560,11560620,영등포구,양평2동
12694,양평로_B,11560,11560620,영등포구,양평2동
12690,양평로22길,11560,11560620,영등포구,양평2동
12781,양평로_F,11560,11560620,영등포구,양평2동
12808,선유로47길,11560,11560620,영등포구,양평2동
13042,도신로60길,11560,11560630,영등포구,신길1동
12975,영등포로_G,11560,11560630,영등포구,신길1동
12971,도신로,11560,11560630,영등포구,신길1동
12970,영등포로_F,11560,11560630,영등포구,신길1동
13006,신길로_A,11560,11560650,영등포구,신길3동
13086,신길로_B,11560,11560650,영등포구,신길3동
13061,여의대방로_A,11560,11560690,영등포구,신길7동
13583,대림로_G,11560,11560700,영등포구,대림1동
13275,시흥대로_C,11560,11560700,영등포구,대림1동
13265,대림로_F,11560,11560710,영등포구,대림2동
13200,도림로_C,11560,11560710,영등포구,대림2동
13195,도림로_B,11560,11560710,영등포구,대림2동
13266,시흥대로_A,11560,11560710,영등포구,대림2동
13296,디지털로53길,11560,11560710,영등포구,대림2동
13065,대림로_A,11560,11560720,영등포구,대림3동
13062,도신로4길,11560,11560720,영등포구,대림3동
13621,대림로_H,11560,11560720,영등포구,대림3동
13177,가마산로_A,11560,11560720,영등포구,대림3동
13243,대림로27가길,11560,11560720,영등포구,대림3동
13159,대림로_C,11560,11560720,영등포구,대림3동
13213,대림로29길,11560,11560720,영등포구,대림3동
13216,대림로_D,11560,11560720,영등포구,대림3동
13140,대림로_B,11560,11560720,영등포구,대림3동
13075,상도로_E,11590,11590510,동작구,노량진1동
13035,만양로,11590,11590510,동작구,노량진1동
12969,노량진로12길,11590,11590520,동작구,노량진2동
12967,장승배기로_A,11590,11590520,동작구,노량진2동
12972,노량진로,11590,11590520,동작구,노량진2동
13017,장승배기로_C,11590,11590520,동작구,노량진2동
13009,장승배기로_B,11590,11590520,동작구,노량진2동
13232,상도로_N,11590,11590530,동작구,상도1동
13119,상도로_J,11590,11590530,동작구,상도1동
13133,상도로37길,11590,11590530,동작구,상도1동
13134,상도로_K,11590,11590530,동작구,상도1동
13215,상도로_M,11590,11590530,동작구,상도1동
13208,상도로61길,11590,11590530,동작구,상도1동
13162,상도로_L,11590,11590530,동작구,상도1동
13218,사당로_A,11590,11590530,동작구,상도1동
13093,상도로_H,11590,11590540,동작구,상도2동
13111,상도로_I,11590,11590540,동작구,상도2동
13110,장승배기로10길,11590,11590540,동작구,상도2동
13074,상도로_D,11590,11590540,동작구,상도2동
13090,상도로_G,11590,11590540,동작구,상도2동
13056,상도로_A,11590,11590540,동작구,상도2동
13087,상도로_F,11590,11590540,동작구,상도2동
13519,국사봉1길,11590,11590550,동작구,상도3동
13067,상도로15길,11590,11590550,동작구,상도3동
13058,상도로_B,11590,11590560,동작구,상도4동
13157,성대로1길,11590,11590560,동작구,상도4동
13024,흑석로_D,11590,11590605,동작구,흑석동
13021,흑석로_C,11590,11590605,동작구,흑석동
13004,흑석로_A,11590,11590605,동작구,흑석동
13022,현충로,11590,11590605,동작구,흑석동
13005,서달로,11590,11590605,동작구,흑석동
13011,흑석로_B,11590,11590605,동작구,흑석동
13079,서달로10길,11590,11590605,동작구,흑석동
13445,남부순환로_R,11590,11590620,동작구,사당1동
13402,사당로_D,11590,11590620,동작구,사당1동
13376,사당로30길,11590,11590620,동작구,사당1동
13432,동작대로7길,11590,11590620,동작구,사당1동
13269,동작대로29나길,11590,11590630,동작구,사당2동
13307,사당로_B,11590,11590640,동작구,사당3동
13407,사당로_E,11590,11590640,동작구,사당3동
13404,사당로16가길_B,11590,11590650,동작구,사당4동
13396,사당로16길_A,11590,11590650,동작구,사당4동
13525,사당로16길_B,11590,11590650,동작구,사당4동
13315,사당로16가길_A,11590,11590650,동작구,사당4동
13310,사당로_C,11590,11590651,동작구,사당5동
13105,여의대방로_B,11590,11590660,동작구,대방동
13146,여의대방로22길,11590,11590660,동작구,대방동
13139,여의대방로24길,11590,11590660,동작구,대방동
13060,상도로_C,11590,11590660,동작구,대방동
13284,신대방길,11590,11590670,동작구,신대방1동
13251,대림로_E,11590,11590670,동작구,신대방1동
13272,시흥대로_B,11590,11590670,동작구,신대방1동
13250,신대방1가길,11590,11590670,동작구,신대방1동
13132,보라매로_B,11590,11590680,동작구,신대방2동
13123,여의대방로_C,11590,11590680,동작구,신대방2동
13124,보라매로_A,11590,11590680,동작구,신대방2동
13268,보라매로_C,11620,11620525,관악구,보라매동
13276,당곡길,11620,11620525,관악구,보라매동
13257,봉천로_A,11620,11620525,관악구,보라매동
13346,은천로_B,11620,11620525,관악구,보라매동
13344,양녕로,11620,11620565,관악구,성현동
13331,관악로_B,11620,11620565,관악구,성현동
13600,남부순환로_W,11620,11620575,관악구,행운동
13359,남부순환로_E,11620,11620575,관악구,행운동
13366,남부순환로_H,11620,11620575,관악구,행운동
13308,행운1길,11620,11620575,관악구,행운동
13455,남부순환로_U,11620,11620575,관악구,행운동
13449,남부순환로_T,11620,11620575,관악구,행운동
13434,남부순환로_P,11620,11620585,관악구,낙성대동
13431,관악로14길,11620,11620585,관악구,낙성대동
13452,낙성대로,11620,11620585,관악구,낙성대동
13358,남부순환로_D,11620,11620585,관악구,낙성대동
13373,쑥고개로11길,11620,11620595,관악구,청룡동
13371,쑥고개로_B,11620,11620595,관악구,청룡동
13362,쑥고개로_A,11620,11620595,관악구,청룡동
13372,남부순환로_J,11620,11620605,관악구,은천동
13586,은천로_C,11620,11620605,관악구,은천동
13401,봉천로_C,11620,11620605,관악구,은천동
13592,남부순환로_V,11620,11620605,관악구,은천동
13409,봉천로_D,11620,11620605,관악구,은천동
13405,봉천로30길,11620,11620605,관악구,은천동
13398,봉천로_B,11620,11620615,관악구,중앙동
13630,관악로_D,11620,11620615,관악구,중앙동
13388,관악로_C,11620,11620615,관악구,중앙동
13338,은천로_A,11620,11620615,관악구,중앙동
13314,관악로_A,11620,11620615,관악구,중앙동
13599,봉천로_E,11620,11620625,관악구,인헌동
13422,남부순환로248길,11620,11620625,관악구,인헌동
13430,낙성대역길,11620,11620625,관악구,인헌동
13446,남부순환로_S,11620,11620625,관악구,인헌동
13429,인헌길,11620,11620625,관악구,인헌동
13437,남부순환로_Q,11620,11620630,관악구,남현동
13438,남현길,11620,11620630,관악구,남현동
13634,신원로3가길,11620,11620655,관악구,신원동
13356,신원로,11620,11620655,관악구,신원동
13389,신원로3길,11620,11620655,관악구,신원동
13439,신림로_A,11620,11620665,관악구,서림동
13475,신림로_B,11620,11620665,관악구,서림동
13311,난곡로_A,11620,11620685,관악구,신사동
13403,남부순환로161가길,11620,11620685,관악구,신사동
13347,난곡로_C,11620,11620685,관악구,신사동
13512,조원로_B,11620,11620685,관악구,신사동
13309,남부순환로_C,11620,11620685,관악구,신사동
13384,남부순환로_K,11620,11620685,관악구,신사동
13337,신림동7길,11620,11620695,관악구,신림동
13340,봉천로6길,11620,11620695,관악구,신림동
13327,신사로,11620,11620725,관악구,조원동
13390,난곡로_D,11620,11620725,관악구,조원동
13304,시흥대로_D,11620,11620725,관악구,조원동
13377,조원중앙로2길,11620,11620725,관악구,조원동
13375,조원로2길,11620,11620725,관악구,조원동
13320,난곡로_B,11620,11620725,관악구,조원동
13397,남부순환로_M,11620,11620725,관악구,조원동
13369,남부순환로_I,11620,11620725,관악구,조원동
13413,조원로16길,11620,11620725,관악구,조원동
13302,조원로_A,11620,11620725,관악구,조원동
13380,시흥대로_E,11620,11620725,관악구,조원동
13479,신림로_C,11620,11620735,관악구,대학동
13469,신림로11길,11620,11620735,관악구,대학동
13483,호암로26길,11620,11620735,관악구,대학동
13465,대학길,11620,11620735,관악구,대학동
13472,호암로,11620,11620745,관악구,삼성동
13416,난곡로_E,11620,11620765,관악구,미성동
13415,난우길,11620,11620765,관악구,미성동
13394,남부순환로_L,11620,11620765,관악구,미성동
13400,남부순환로_N,11620,11620765,관악구,미성동
13421,난곡로_F,11620,11620765,관악구,미성동
13423,난곡로_G,11620,11620775,관악구,난곡동
13426,난곡로_H,11620,11620775,관악구,난곡동
13427,법원단지길,11620,11620775,관악구,난곡동
13622,서초중앙로22길,11650,11650510,서초구,서초1동
13303,남부순환로333길,11650,11650510,서초구,서초1동
13324,서운로,11650,11650520,서초구,서초2동
13249,효령로_A,11650,11650520,서초구,서초2동
13298,사임당로,11650,11650520,서초구,서초2동
13515,효령로_C,11650,11650520,서초구,서초2동
13335,반포대로_B,11650,11650530,서초구,서초3동
13411,반포대로_D,11650,11650530,서초구,서초3동
13395,반포대로_C,11650,11650530,서초구,서초3동
13322,효령로_B,11650,11650530,서초구,서초3동
13217,서초중앙로24길,11650,11650531,서초구,서초4동
13043,신반포로43길,11650,11650540,서초구,잠원동
12896,강남대로107길,11650,11650540,서초구,잠원동
13173,신반포로3길,11650,11650550,서초구,반포본동
13179,신반포로_E,11650,11650550,서초구,반포본동
13172,신반포로_D,11650,11650550,서초구,반포본동
13170,신반포로_C,11650,11650550,서초구,반포본동
13044,주흥길,11650,11650560,서초구,반포1동
13546,서초중앙로,11650,11650560,서초구,반포1동
13115,사평대로55길,11650,11650560,서초구,반포1동
13113,반포대로_A,11650,11650580,서초구,반포3동
13102,신반포로_B,11650,11650580,서초구,반포3동
13092,신반포로_A,11650,11650580,서초구,반포3동
13155,사평대로,11650,11650581,서초구,반포4동
13057,고무래로,11650,11650581,서초구,반포4동
13118,서래로_A,11650,11650581,서초구,반포4동
13125,서래로_B,11650,11650581,서초구,반포4동
13163,서초중앙로29길,11650,11650581,서초구,반포4동
13229,서래로_D,11650,11650581,서초구,반포4동
13143,서래로_C,11650,11650581,서초구,반포4동
13228,동작대로,11650,11650590,서초구,방배본동
13235,방배중앙로,11650,11650590,서초구,방배본동
13201,방배로_A,11650,11650590,서초구,방배본동
13206,방배로42길,11650,11650590,서초구,방배본동
13237,방배중앙로25길,11650,11650590,서초구,방배본동
13288,동광로_B,11650,11650590,서초구,방배본동
13336,방배로_D,11650,11650600,서초구,방배1동
13305,서초대로24길,11650,11650600,서초구,방배1동
13379,방배천로16길,11650,11650610,서초구,방배2동
13325,서초대로,11650,11650610,서초구,방배2동
13367,방배천로6길,11650,11650610,서초구,방배2동
13611,방배로_F,11650,11650620,서초구,방배3동
13440,방배로_E,11650,11650620,서초구,방배3동
13287,방배로_C,11650,11650621,서초구,방배4동
13253,서초대로25길,11650,11650621,서초구,방배4동
13354,방배로27길,11650,11650621,서초구,방배4동
13273,동광로_A,11650,11650621,서초구,방배4동
13260,방배로_B,11650,11650621,서초구,방배4동
13316,도구로,11650,11650621,서초구,방배4동
13385,강남대로30길,11650,11650651,서초구,양재1동
13410,남부순환로_O,11650,11650651,서초구,양재1동
13383,논현로_D,11650,11650651,서초구,양재1동
13457,태봉로,11650,11650651,서초구,양재1동
13608,양재천로19길,11650,11650651,서초구,양재1동
13453,바우뫼로_B,11650,11650651,서초구,양재1동
13435,양재천로,11650,11650651,서초구,양재1동
13355,바우뫼로37길,11650,11650651,서초구,양재1동
13361,바우뫼로_A,11650,11650651,서초구,양재1동
13471,강남대로18길,11650,11650652,서초구,양재2동
13470,동산로_A,11650,11650652,서초구,양재2동
13466,논현로11길,11650,11650652,서초구,양재2동
13420,마방로6길,11650,11650652,서초구,양재2동
13540,논현로5길,11650,11650652,서초구,양재2동
13461,강남대로8길,11650,11650652,서초구,양재2동
13477,마방로2길,11650,11650652,서초구,양재2동
13478,동산로_B,11650,11650652,서초구,양재2동
13462,강남대로10길,11650,11650652,서초구,양재2동
12906,압구정로4길,11680,11680510,강남구,신사동
13587,논현로_E,11680,11680521,강남구,논현1동
13039,논현로_B,11680,11680521,강남구,논현1동
13015,강남대로122길,11680,11680521,강남구,논현1동
13027,언주로125길,11680,11680531,강남구,논현2동
13026,논현로_A,11680,11680531,강남구,논현2동
12996,선릉로_B,11680,11680531,강남구,논현2동
12988,도산대로30길,11680,11680531,강남구,논현2동
12994,언주로147길,11680,11680531,강남구,논현2동
13538,봉은사로_C,11680,11680531,강남구,논현2동
12837,압구정로,11680,11680545,강남구,압구정동
12959,언주로_B,11680,11680545,강남구,압구정동
12883,압구정로29길_B,11680,11680545,강남구,압구정동
12954,언주로_A,11680,11680545,강남구,압구정동
12955,언주로159길,11680,11680545,강남구,압구정동
12868,압구정로29길_A,11680,11680545,강남구,압구정동
12919,학동로_A,11680,11680565,강남구,청담동
12984,학동로_B,11680,11680565,강남구,청담동
12958,도산대로,11680,11680565,강남구,청담동
12995,삼성로_D,11680,11680565,강남구,청담동
12946,삼성로_B,11680,11680565,강남구,청담동
12985,선릉로_A,11680,11680565,강남구,청담동
12991,선릉로132길,11680,11680565,강남구,청담동
12904,삼성로_A,11680,11680565,강남구,청담동
13518,학동로88길,11680,11680580,강남구,삼성1동
12983,삼성로_C,11680,11680580,강남구,삼성1동
13514,영동대로112길,11680,11680580,강남구,삼성1동
12979,삼성로115길,11680,11680590,강남구,삼성2동
13028,봉은사로_B,11680,11680590,강남구,삼성2동
13025,봉은사로68길,11680,11680590,강남구,삼성2동
13214,도곡로_D,11680,11680600,강남구,대치1동
13236,삼성로57길,11680,11680600,강남구,대치1동
13068,역삼로_B,11680,11680610,강남구,대치2동
13598,역삼로_F,11680,11680610,강남구,대치2동
13230,삼성로_G,11680,11680610,강남구,대치2동
13152,삼성로64길,11680,11680610,강남구,대치2동
13130,도곡로_A,11680,11680610,강남구,대치2동
13211,영동대로,11680,11680610,강남구,대치2동
13171,삼성로_F,11680,11680610,강남구,대치2동
13121,삼성로63길,11680,11680630,강남구,대치4동
13048,역삼로_A,11680,11680630,강남구,대치4동
13131,도곡로_B,11680,11680630,강남구,대치4동
13168,역삼로_D,11680,11680630,강남구,대치4동
13604,도곡로77길,11680,11680630,강남구,대치4동
13166,삼성로_E,11680,11680630,강남구,대치4동
13020,봉은사로_A,11680,11680640,강남구,역삼1동
13096,언주로107길,11680,11680640,강남구,역삼1동
13602,언주로97길,11680,11680640,강남구,역삼1동
13003,언주로108길,11680,11680640,강남구,역삼1동
13108,논현로_C,11680,11680640,강남구,역삼1동
13553,도곡로_F,11680,11680640,강남구,역삼1동
13225,역삼로_E,11680,11680650,강남구,역삼2동
13169,언주로_C,11680,11680650,강남구,역삼2동
13149,역삼로_C,11680,11680650,강남구,역삼2동
13233,논현로72길,11680,11680650,강남구,역삼2동
13240,선릉로_C,11680,11680650,강남구,역삼2동
13194,도곡로_C,11680,11680650,강남구,역삼2동
13190,언주로_D,11680,11680650,강남구,역삼2동
13280,도곡로_E,11680,11680655,강남구,도곡1동
13321,논현로28길,11680,11680656,강남구,도곡2동
13382,논현로26길,11680,11680656,강남구,도곡2동
13259,언주로30길_B,11680,11680656,강남구,도곡2동
13334,언주로30길_C,11680,11680656,강남구,도곡2동
13258,언주로30길_A,11680,11680656,강남구,도곡2동
13386,선릉로_D,11680,11680670,강남구,개포2동
13343,개포로82길,11680,11680670,강남구,개포2동
13254,개포로_B,11680,11680670,강남구,개포2동
13454,개포로_D,11680,11680690,강남구,개포4동
13447,개포로_C,11680,11680690,강남구,개포4동
13572,논현로18길,11680,11680690,강남구,개포4동
13450,개포로15길,11680,11680690,강남구,개포4동
13418,논현로10길,11680,11680690,강남구,개포4동
13444,개포로22길,11680,11680690,강남구,개포4동
13255,양재대로55길,11680,11680730,강남구,일원1동
13270,일원로,11680,11680730,강남구,일원1동
13264,일원로9길,11680,11680730,강남구,일원1동
13277,일원로3길,11680,11680730,강남구,일원1동
13196,개포로_A,11680,11680740,강남구,일원2동
12810,풍성로25길,11710,11710510,송파구,풍납1동
12854,올림픽로45길,11710,11710520,송파구,풍납2동
12835,올림픽로47길,11710,11710520,송파구,풍납2동
12847,토성로,11710,11710520,송파구,풍납2동
13188,오금로_A,11710,11710531,송파구,거여1동
13198,거마로_C,11710,11710531,송파구,거여1동
13297,오금로_E,11710,11710531,송파구,거여1동
13292,오금로_D,11710,11710532,송파구,거여2동
13197,거마로_B,11710,11710532,송파구,거여2동
13274,오금로_C,11710,11710532,송파구,거여2동
13245,마천로41길_C,11710,11710540,송파구,마천1동
13209,마천로_B,11710,11710540,송파구,마천1동
13532,마천로51길,11710,11710550,송파구,마천2동
13239,마천로45길,11710,11710550,송파구,마천2동
13242,거마로20길,11710,11710550,송파구,마천2동
13231,마천로41길_B,11710,11710550,송파구,마천2동
13147,거마로_A,11710,11710550,송파구,마천2동
13212,마천로41길_A,11710,11710550,송파구,마천2동
13641,가락로_F,11710,11710561,송파구,방이1동
13078,오금로31길_B,11710,11710561,송파구,방이1동
13013,오금로31길_A,11710,11710561,송파구,방이1동
13082,오금로31길_C,11710,11710561,송파구,방이1동
13642,양재대로71길,11710,11710561,송파구,방이1동
13643,위례성대로18길,11710,11710561,송파구,방이1동
12978,백제고분로_A,11710,11710562,송파구,방이2동
13029,올림픽로32길,11710,11710562,송파구,방이2동
13640,백제고분로50길,11710,11710562,송파구,방이2동
13639,백제고분로_L,11710,11710562,송파구,방이2동
13638,백제고분로48길,11710,11710562,송파구,방이2동
12976,위례성대로,11710,11710562,송파구,방이2동
12974,오금로11길,11710,11710562,송파구,방이2동
12973,양재대로_I,11710,11710566,송파구,오륜동
13041,양재대로_J,11710,11710570,송파구,오금동
13104,마천로_A,11710,11710570,송파구,오금동
13001,양재대로72길,11710,11710570,송파구,오금동
13002,위례성대로20길,11710,11710570,송파구,오금동
13112,오금로35길,11710,11710570,송파구,오금동
13120,동남로_A,11710,11710570,송파구,오금동
13051,가락로_A,11710,11710580,송파구,송파1동
13613,백제고분로42길,11710,11710580,송파구,송파1동
13589,백제고분로_K,11710,11710580,송파구,송파1동
13023,백제고분로_C,11710,11710580,송파구,송파1동
13101,백제고분로46길_B,11710,11710580,송파구,송파1동
13095,백제고분로41길_B,11710,11710580,송파구,송파1동
13596,백제고분로45길,11710,11710580,송파구,송파1동
13012,백제고분로46길_A,11710,11710580,송파구,송파1동
13000,백제고분로41길_A,11710,11710580,송파구,송파1동
13071,가락로_B,11710,11710590,송파구,송파2동
13103,가락로28길,11710,11710590,송파구,송파2동
13156,송파대로37길,11710,11710600,송파구,석촌동
13045,백제고분로33길,11710,11710600,송파구,석촌동
13182,백제고분로34길,11710,11710600,송파구,석촌동
13145,가락로_E,11710,11710600,송파구,석촌동
13127,가락로_D,11710,11710600,송파구,석촌동
13126,가락로12길,11710,11710600,송파구,석촌동
13117,가락로_C,11710,11710600,송파구,석촌동
13107,석촌호수로_H,11710,11710600,송파구,석촌동
13174,백제고분로40길,11710,11710600,송파구,석촌동
13089,송파대로49길,11710,11710600,송파구,석촌동
13088,석촌호수로_E,11710,11710600,송파구,석촌동
13114,송파대로,11710,11710600,송파구,석촌동
13614,백제고분로39길,11710,11710600,송파구,석촌동
13099,석촌호수로_F,11710,11710610,송파구,삼전동
13077,석촌호수로_B,11710,11710610,송파구,삼전동
13063,백제고분로_G,11710,11710610,송파구,삼전동
13059,백제고분로_F,11710,11710610,송파구,삼전동
13183,백제고분로_J,11710,11710610,송파구,삼전동
13154,백제고분로32길,11710,11710610,송파구,삼전동
13160,백제고분로22길,11710,11710610,송파구,삼전동
13180,삼학사로_B,11710,11710610,송파구,삼전동
13081,석촌호수로_C,11710,11710610,송파구,삼전동
13049,백제고분로_D,11710,11710610,송파구,삼전동
13084,삼학사로_A,11710,11710610,송파구,삼전동
13262,동남로_D,11710,11710620,송파구,가락본동
13128,송이로_A,11710,11710620,송파구,가락본동
13204,중대로12길,11710,11710620,송파구,가락본동
13184,송이로17길,11710,11710620,송파구,가락본동
13222,중대로9길,11710,11710620,송파구,가락본동
13573,송이로_C,11710,11710620,송파구,가락본동
13148,오금로36길_A,11710,11710620,송파구,가락본동
13153,오금로36길_B,11710,11710620,송파구,가락본동
13203,송이로_B,11710,11710632,송파구,가락2동
13205,오금로46길_B,11710,11710632,송파구,가락2동
13244,동남로_B,11710,11710632,송파구,가락2동
13524,동남로_E,11710,11710632,송파구,가락2동
13187,동남로18길_A,11710,11710632,송파구,가락2동
13192,오금로46길_A,11710,11710632,송파구,가락2동
13294,동남로18길_B,11710,11710632,송파구,가락2동
13224,오금로_B,11710,11710632,송파구,가락2동
13256,동남로_C,11710,11710641,송파구,문정1동
13339,동남로4길_B,11710,11710641,송파구,문정1동
13539,동남로_F,11710,11710641,송파구,문정1동
13351,동남로6길_B,11710,11710641,송파구,문정1동
13330,동남로4길_A,11710,11710641,송파구,문정1동
13267,동남로6길_A,11710,11710641,송파구,문정1동
13282,중대로,11710,11710642,송파구,문정2동
13341,송이로31길,11710,11710646,송파구,장지동
13357,새말로8길,11710,11710646,송파구,장지동
13591,새말로_B,11710,11710646,송파구,장지동
13391,새말로17길,11710,11710646,송파구,장지동
13378,송이로36길,11710,11710646,송파구,장지동
13535,석촌호수로_I,11710,11710650,송파구,잠실본동
13076,백제고분로15길,11710,11710650,송파구,잠실본동
13531,올림픽로12길,11710,11710650,송파구,잠실본동
13018,백제고분로_B,11710,11710650,송파구,잠실본동
13050,백제고분로_E,11710,11710650,송파구,잠실본동
13109,백제고분로_I,11710,11710650,송파구,잠실본동
13094,백제고분로18길,11710,11710650,송파구,잠실본동
13106,석촌호수로_G,11710,11710650,송파구,잠실본동
13100,백제고분로_H,11710,11710650,송파구,잠실본동
13032,올림픽로_L,11710,11710670,송파구,잠실2동
13040,올림픽로_N,11710,11710670,송파구,잠실2동
13595,올림픽로_O,11710,11710680,송파구,잠실3동
13085,석촌호수로_D,11710,11710680,송파구,잠실3동
13033,올림픽로_M,11710,11710680,송파구,잠실3동
13037,석촌호수로_A,11710,11710680,송파구,잠실3동
12999,올림픽로33길,11710,11710690,송파구,잠실4동
12894,올림픽로_K,11710,11710690,송파구,잠실4동
12993,올림픽로35길_B,11710,11710710,송파구,잠실6동
12990,올림픽로35길_A,11710,11710710,송파구,잠실6동
12592,상일로_B,11740,11740515,강동구,강일동
12404,아리수로93길,11740,11740515,강동구,강일동
13542,상일로_D,11740,11740520,강동구,상일동
12676,상일로_C,11740,11740520,강동구,상일동
12639,구천면로100길,11740,11740520,강동구,상일동
12608,상암로_B,11740,11740530,강동구,명일1동
12653,상암로_D,11740,11740530,강동구,명일1동
12612,양재대로_B,11740,11740530,강동구,명일1동
12556,고덕로_A,11740,11740530,강동구,명일1동
12684,동남로65길,11740,11740540,강동구,명일2동
12658,상암로61길,11740,11740540,강동구,명일2동
12496,상일로_A,11740,11740560,강동구,고덕2동
12553,올림픽로_C,11740,11740570,강동구,암사1동
12667,구천면로_B,11740,11740570,강동구,암사1동
12558,고덕로10길,11740,11740570,강동구,암사1동
12586,고덕로_C,11740,11740570,강동구,암사1동
12640,올림픽로98길,11740,11740570,강동구,암사1동
12564,올림픽로_D,11740,11740570,강동구,암사1동
12655,상암로_E,11740,11740570,강동구,암사1동
12641,상암로_C,11740,11740580,강동구,암사2동
12552,올림픽로_B,11740,11740580,강동구,암사2동
12554,상암로_A,11740,11740580,강동구,암사2동
12547,올림픽로_A,11740,11740580,강동구,암사2동
12589,고덕로_D,11740,11740590,강동구,암사3동
12584,고덕로_B,11740,11740590,강동구,암사3동
12627,구천면로_A,11740,11740600,강동구,천호1동
12614,양재대로_C,11740,11740600,강동구,천호1동
13605,양재대로_K,11740,11740600,강동구,천호1동
12726,양재대로_D,11740,11740600,강동구,천호1동
12609,구천면로41길,11740,11740610,강동구,천호2동
12671,올림픽로_G,11740,11740610,강동구,천호2동
12722,구천면로_C,11740,11740610,강동구,천호2동
12632,올림픽로_F,11740,11740610,강동구,천호2동
12685,천호대로_I,11740,11740610,강동구,천호2동
12661,올림픽로92길,11740,11740610,강동구,천호2동
12697,올림픽로80길,11740,11740610,강동구,천호2동
12701,올림픽로_H,11740,11740610,강동구,천호2동
12705,올림픽로_I,11740,11740610,강동구,천호2동
12607,올림픽로_E,11740,11740610,강동구,천호2동
12727,구천면로_D,11740,11740620,강동구,천호3동
12796,천호대로_L,11740,11740620,강동구,천호3동
12941,성안로_E,11740,11740640,강동구,성내1동
12869,올림픽로_J,11740,11740640,강동구,성내1동
12843,성안로_B,11740,11740640,강동구,성내1동
12846,성내로6길,11740,11740640,강동구,성내1동
12851,성내로_A,11740,11740640,강동구,성내1동
12857,성안로3길,11740,11740640,강동구,성내1동
12870,성내로_B,11740,11740640,강동구,성내1동
12743,천호대로170길_A,11740,11740650,강동구,성내2동
12792,천호옛길,11740,11740650,강동구,성내2동
12777,천호옛14길,11740,11740650,강동구,성내2동
12774,천호대로170길_B,11740,11740650,강동구,성내2동
12939,양재대로81길,11740,11740660,강동구,성내3동
12910,강동대로,11740,11740660,강동구,성내3동
12755,천호대로_K,11740,11740660,강동구,성내3동
12853,양재대로89길,11740,11740660,강동구,성내3동
12831,양재대로_F,11740,11740660,강동구,성내3동
12844,성안로_C,11740,11740660,강동구,성내3동
12960,강동대로53길,11740,11740660,강동구,성내3동
12864,성안로_D,11740,11740660,강동구,성내3동
13568,천중로,11740,11740685,강동구,길동
12826,성안로_A,11740,11740685,강동구,길동
12819,천중로40길,11740,11740685,강동구,길동
12600,양재대로128길,11740,11740685,강동구,길동
12601,양재대로_A,11740,11740685,강동구,길동
12735,양재대로124길,11740,11740685,강동구,길동
12786,명일로_B,11740,11740685,강동구,길동
12698,명일로_A,11740,11740685,강동구,길동
12704,천중로52길,11740,11740685,강동구,길동
12809,천호대로187길,11740,11740685,강동구,길동
12813,양재대로_E,11740,11740685,강동구,길동
12799,양재대로116길,11740,11740685,강동구,길동
12793,명일로_C,11740,11740685,강동구,길동
12922,양재대로_H,11740,11740690,강동구,둔촌1동
12867,양재대로_G,11740,11740700,강동구,둔촌2동
12877,진황도로,11740,11740700,강동구,둔촌2동
12744,천호대로_J,11740,11740700,강동구,둔촌2동
12834,양재대로96길,11740,11740700,강동구,둔촌2동
