TRDAR_CD,TRDAR_CD_NM,ADSTRD_CD,ADSTRD_CD_NM,SIGNGU_CD,SIGNGU_CD_NM
11947,당산로44길,11560560,당산2동,11560,영등포구
11948,동일로242길,11350630,상계1동,11350,노원구
11949,동일로_A,11350630,상계1동,11350,노원구
11950,동일로_B,11350630,상계1동,11350,노원구
11953,도봉로_A,11320521,도봉1동,11320,도봉구
11954,동일로_C,11350630,상계1동,11350,노원구
11955,동일로_D,11350630,상계1동,11350,노원구
11956,동일로242가길,11350630,상계1동,11350,노원구
11957,도봉로181길_A,11320521,도봉1동,11320,도봉구
11958,도봉로181길_B,11320521,도봉1동,11320,도봉구
11959,한글비석로_A,11350624,중계4동,11350,노원구
11960,노원로,11350640,상계2동,11350,노원구
11961,해등로_A,11320670,쌍문2동,11320,도봉구
11962,상계로,11350640,상계2동,11350,노원구
11963,한글비석로20길_A,11350624,중계4동,11350,노원구
11964,상계로23다길,11350640,상계2동,11350,노원구
11965,상계로1길,11350720,상계10동,11350,노원구
11966,해등로_B,11320670,쌍문2동,11320,도봉구
11967,덕릉로_A,11350624,중계4동,11350,노원구
11969,한글비석로20길_B,11350624,중계4동,11350,노원구
11970,상계로27길,11350670,상계5동,11350,노원구
11971,덕릉로83길,11350624,중계4동,11350,노원구
11972,도봉로_B,11320690,방학1동,11320,도봉구
11973,방학로_A,11320710,방학3동,11320,도봉구
11974,노원로34길,11350670,상계5동,11350,노원구
11975,한글비석로_B,11350670,상계5동,11350,노원구
11977,한글비석로_C,11350670,상계5동,11350,노원구
11978,한글비석로_D,11350670,상계5동,11350,노원구
11979,도당로27길,11320690,방학1동,11320,도봉구
11980,도봉로_C,11320690,방학1동,11320,도봉구
11981,방학로10길,11320700,방학2동,11320,도봉구
11982,도당로_A,11320690,방학1동,11320,도봉구
11983,도봉로156길,11320522,도봉2동,11320,도봉구
11984,도봉로145길,11320690,방학1동,11320,도봉구
11986,한글비석로_E,11350710,상계9동,11350,노원구
11987,도당로_B,11320690,방학1동,11320,도봉구
11988,동일로_E,11350710,상계9동,11350,노원구
11989,동일로_F,11350700,상계8동,11350,노원구
11990,마들로,11320690,방학1동,11320,도봉구
11992,도봉로150길,11320690,방학1동,11320,도봉구
11993,도당로13길_A,11320700,방학2동,11320,도봉구
11994,도봉로_D,11320690,방학1동,11320,도봉구
11995,도당로13길_B,11320700,방학2동,11320,도봉구
11997,동일로_G,11350695,상계6.7동,11350,노원구
11998,도봉로109길,11320680,쌍문3동,11320,도봉구
12000,도봉로114길,11320511,창1동,11320,도봉구
12001,도봉로_E,11320680,쌍문3동,11320,도봉구
12002,도봉로_F,11320511,창1동,11320,도봉구
12003,도봉로_G,11320511,창1동,11320,도봉구
12004,한글비석로_F,11350621,중계1동,11350,노원구
12005,도봉로113길,11320680,쌍문3동,11320,도봉구
12006,한글비석로_G,11350619,중계본동,11350,노원구
12009,동일로_H,11350695,상계6.7동,11350,노원구
12010,동일로_I,11350695,상계6.7동,11350,노원구
12011,한글비석로_H,11350621,중계1동,11350,노원구
12012,동일로_J,11350695,상계6.7동,11350,노원구
12013,한글비석로_I,11350619,중계본동,11350,노원구
12014,도봉로_H,11320680,쌍문3동,11320,도봉구
12015,노해로_A,11350640,상계2동,11350,노원구
12016,도봉로_I,11320670,쌍문2동,11320,도봉구
12017,노해로65길,11320515,창5동,11320,도봉구
12018,한글비석로_J,11350621,중계1동,11350,노원구
12019,한글비석로_K,11350619,중계본동,11350,노원구
12021,동일로_K,11350695,상계6.7동,11350,노원구
12024,노해로85길,11350640,상계2동,11350,노원구
12025,노해로63길,11320515,창5동,11320,도봉구
12026,삼양로144길,11320660,쌍문1동,11320,도봉구
12028,도봉로_J,11305610,수유1동,11305,강북구
12029,도봉로71길,11305610,수유1동,11305,강북구
12030,도봉로67길_A,11305535,미아동,11305,강북구
12031,덕릉로_B,11305535,미아동,11305,강북구
12032,도봉로_K,11305535,미아동,11305,강북구
12033,도봉로_L,11305535,미아동,11305,강북구
12034,도봉로67길_B,11305534,삼양동,11305,강북구
12035,도봉로77길,11305610,수유1동,11305,강북구
12037,수유로,11305660,인수동,11305,강북구
12038,노해로_B,11305630,수유3동,11305,강북구
12039,도봉로_M,11305610,수유1동,11305,강북구
12041,덕릉로_C,11305590,번1동,11305,강북구
12042,덕릉로60길,11320513,창3동,11320,도봉구
12043,한천로143길,11305630,수유3동,11305,강북구
12044,도봉로_N,11305590,번1동,11305,강북구
12045,한천로_A,11305630,수유3동,11305,강북구
12046,섬밭로,11350625,중계2.3동,11350,노원구
12047,노해로11길,11305630,수유3동,11305,강북구
12048,도봉로_O,11305590,번1동,11305,강북구
12049,진관3로,11380690,진관동,11380,은평구
12050,노해로17길,11305630,수유3동,11305,강북구
12051,동일로203가길,11350625,중계2.3동,11350,노원구
12052,한천로_B,11305630,수유3동,11305,강북구
12053,덕릉로57길,11320512,창2동,11320,도봉구
12054,한천로140길,11305630,수유3동,11305,강북구
12055,덕릉로_D,11320513,창3동,11320,도봉구
12056,덕릉로_E,11320512,창2동,11320,도봉구
12057,노해로_C,11305630,수유3동,11305,강북구
12058,석계로_A,11350560,월계1동,11350,노원구
12059,동일로180길,11350595,공릉1동,11350,노원구
12060,공릉로_A,11350595,공릉1동,11350,노원구
12062,연서로29길,11380551,갈현1동,11380,은평구
12063,갈현로_A,11380552,갈현2동,11380,은평구
12064,솔샘로_A,11305575,삼각산동,11305,강북구
12065,연서로_A,11380530,불광2동,11380,은평구
12066,갈현로_B,11380552,갈현2동,11380,은평구
12067,통일로_A,11380530,불광2동,11380,은평구
12069,솔샘로_B,11305534,삼양동,11305,강북구
12070,통일로87길,11380551,갈현1동,11380,은평구
12071,동일로_L,11350595,공릉1동,11350,노원구
12072,통일로83길,11380551,갈현1동,11380,은평구
12073,동일로_M,11350595,공릉1동,11350,노원구
12074,솔샘로67길,11305555,송천동,11305,강북구
12075,공릉로_B,11350600,공릉2동,11350,노원구
12076,동일로_N,11350595,공릉1동,11350,노원구
12077,도봉로50길,11305535,미아동,11305,강북구
12079,도봉로_P,11305535,미아동,11305,강북구
12081,솔매로,11305535,미아동,11305,강북구
12084,동일로197길,11350595,공릉1동,11350,노원구
12085,도봉로_Q,11305535,미아동,11305,강북구
12086,동일로192길,11350595,공릉1동,11350,노원구
12087,공릉로_C,11350600,공릉2동,11350,노원구
12088,도봉로_R,11305535,미아동,11305,강북구
12089,통일로_B,11380520,불광1동,11380,은평구
12090,월계로_A,11305545,송중동,11305,강북구
12091,공릉로2길,11260620,묵1동,11260,중랑구
12092,한천로78길,11290810,석관동,11290,성북구
12093,서오릉로_A,11380552,갈현2동,11380,은평구
12094,월계로7길,11305545,송중동,11305,강북구
12095,서오릉로_B,11380570,대조동,11380,은평구
12097,연서로_B,11380570,대조동,11380,은평구
12098,장위로38길,11290770,장위2동,11290,성북구
12100,불광로_A,11380520,불광1동,11380,은평구
12101,서오릉로_C,11380552,갈현2동,11380,은평구
12102,월계로7나길,11305545,송중동,11305,강북구
12103,동일로_O,11260630,묵2동,11260,중랑구
12105,서오릉로_D,11380560,구산동,11380,은평구
12106,동일로_P,11260630,묵2동,11260,중랑구
12107,연서로_C,11380560,구산동,11380,은평구
12108,월계로_B,11290715,월곡1동,11290,성북구
12109,숙선옹주로,11260620,묵1동,11260,중랑구
12110,보국문로_A,11290650,정릉4동,11290,성북구
12111,석계로1길,11350560,월계1동,11350,노원구
12112,중랑역로_A,11260620,묵1동,11260,중랑구
12113,통일로73길,11380570,대조동,11380,은평구
12114,연서로26길,11380570,대조동,11380,은평구
12115,갈현로_C,11380552,갈현2동,11380,은평구
12116,도봉로10다길,11305545,송중동,11305,강북구
12117,화랑로_A,11350595,공릉1동,11350,노원구
12118,통일로_C,11380570,대조동,11380,은평구
12119,공릉로_D,11260620,묵1동,11260,중랑구
12120,공릉로_E,11260620,묵1동,11260,중랑구
12121,연서로27길,11380552,갈현2동,11380,은평구
12122,석계로_B,11350560,월계1동,11350,노원구
12123,솔샘로64길,11305555,송천동,11305,강북구
12124,석계로9길,11350560,월계1동,11350,노원구
12125,신내로_A,11260690,신내2동,11260,중랑구
12126,화랑로_B,11350595,공릉1동,11350,노원구
12128,봉화산로_A,11260690,신내2동,11260,중랑구
12129,신내로_B,11260680,신내1동,11260,중랑구
12130,중랑역로_B,11260610,중화2동,11260,중랑구
12131,화랑로13길,11290725,월곡2동,11290,성북구
12132,서오릉로_E,11380510,녹번동,11380,은평구
12134,중랑역로_C,11260630,묵2동,11260,중랑구
12135,봉화산로56길,11260680,신내1동,11260,중랑구
12136,동소문로_A,11290660,길음1동,11290,성북구
12137,은평로_A,11380510,녹번동,11380,은평구
12138,동소문로_B,11290685,길음2동,11290,성북구
12139,오패산로,11290725,월곡2동,11290,성북구
12140,길음로_A,11290660,길음1동,11290,성북구
12142,정릉로26길,11290630,정릉2동,11290,성북구
12143,화랑로_C,11290725,월곡2동,11290,성북구
12144,중랑역로_D,11260610,중화2동,11260,중랑구
12145,길음로7길,11290660,길음1동,11290,성북구
12146,신내로14길,11260680,신내1동,11260,중랑구
12147,정릉로_A,11290705,종암동,11290,성북구
12148,정릉로_B,11290630,정릉2동,11290,성북구
12149,평창문화로,11110560,평창동,11110,종로구
12150,서오릉로_F,11380570,대조동,11380,은평구
12151,보국문로_B,11290650,정릉4동,11290,성북구
12152,서오릉로_G,11380625,역촌동,11380,은평구
12153,진흥로_A,11110560,평창동,11110,종로구
12154,보국문로11길,11290640,정릉3동,11290,성북구
12155,보국문로_C,11290630,정릉2동,11290,성북구
12156,동일로_Q,11260630,묵2동,11260,중랑구
12157,도봉로_S,11290685,길음2동,11290,성북구
12158,진흥로_B,11380510,녹번동,11380,은평구
12159,불광로_B,11380570,대조동,11380,은평구
12161,평창11길,11110560,평창동,11110,종로구
12162,통일로_D,11380510,녹번동,11380,은평구
12165,용마산로115길_A,11260655,망우본동,11260,중랑구
12166,망우로_A,11260655,망우본동,11260,중랑구
12167,종암로_A,11290705,종암동,11290,성북구
12168,중랑역로_E,11260610,중화2동,11260,중랑구
12169,용마산로115길_B,11260655,망우본동,11260,중랑구
12170,이문로30길_A,11230740,이문1동,11230,동대문구
12171,이문로30길_B,11230740,이문1동,11230,동대문구
12172,종암로19길,11290705,종암동,11290,성북구
12174,휘경로_A,11230740,이문1동,11230,동대문구
12175,망우로_B,11260580,상봉1동,11260,중랑구
12176,망우로_C,11260655,망우본동,11260,중랑구
12178,망우로62길,11260655,망우본동,11260,중랑구
12179,아리랑로_A,11290575,동선동,11290,성북구
12181,중랑역로_F,11260610,중화2동,11260,중랑구
12182,망우로_D,11260590,상봉2동,11260,중랑구
12184,은평로9길,11380580,응암1동,11380,은평구
12185,망우로_E,11260680,신내1동,11260,중랑구
12186,종암로_B,11290705,종암동,11290,성북구
12187,은평로_B,11380580,응암1동,11380,은평구
12188,은평로_C,11380631,신사1동,11380,은평구
12189,종암로_C,11290705,종암동,11290,성북구
12190,연서로_D,11380625,역촌동,11380,은평구
12192,동일로_R,11260600,중화1동,11260,중랑구
12193,동일로_S,11260600,중화1동,11260,중랑구
12194,동일로_T,11260600,중화1동,11260,중랑구
12195,동일로_U,11260610,중화2동,11260,중랑구
12197,중랑역로_G,11260610,중화2동,11260,중랑구
12198,은평로_D,11380580,응암1동,11380,은평구
12199,갈현로_D,11380631,신사1동,11380,은평구
12200,동일로_V,11260610,중화2동,11260,중랑구
12201,종암로_D,11290705,종암동,11290,성북구
12202,은평로_E,11380580,응암1동,11380,은평구
12203,망우로_F,11260655,망우본동,11260,중랑구
12204,은평로11길,11380580,응암1동,11380,은평구
12205,갈현로_E,11380631,신사1동,11380,은평구
12206,홍은중앙로,11410640,홍제3동,11410,서대문구
12207,삼선교로_A,11290555,삼선동,11290,성북구
12208,동소문로_C,11290555,삼선동,11290,성북구
12210,용마산로_A,11260575,면목3.8동,11260,중랑구
12211,증산로15길,11380640,증산동,11380,은평구
12212,보문로_A,11290555,삼선동,11290,성북구
12214,회기로_A,11230720,휘경1동,11230,동대문구
12215,통일로_E,11410620,홍제1동,11410,서대문구
12216,면목로_A,11260565,면목본동,11260,중랑구
12217,면목로_B,11260565,면목본동,11260,중랑구
12218,동소문로_D,11290555,삼선동,11290,성북구
12219,회기로_B,11230720,휘경1동,11230,동대문구
12222,보문로_B,11290555,삼선동,11290,성북구
12223,보문로_C,11290555,삼선동,11290,성북구
12224,봉우재로14길,11260520,면목2동,11260,중랑구
12225,통일로_F,11410640,홍제3동,11410,서대문구
12226,안암로_A,11230545,제기동,11230,동대문구
12227,상봉로11길,11260565,면목본동,11260,중랑구
12228,보문로30길,11290575,동선동,11290,성북구
12229,응암로13길_A,11380600,응암3동,11380,은평구
12230,동소문로6길,11290555,삼선동,11290,성북구
12231,응암로_A,11380600,응암3동,11380,은평구
12232,보문로_D,11290610,보문동,11290,성북구
12233,가좌로,11380600,응암3동,11380,은평구
12234,동소문로_E,11290555,삼선동,11290,성북구
12235,삼선교로_B,11290555,삼선동,11290,성북구
12236,동소문로_F,11290555,삼선동,11290,성북구
12237,응암로4길,11380600,응암3동,11380,은평구
12238,성북로,11290525,성북동,11290,성북구
12239,회기로_C,11230710,회기동,11230,동대문구
12240,면목로74길,11260565,면목본동,11260,중랑구
12241,안암로_B,11230545,제기동,11230,동대문구
12242,겸재로_A,11260565,면목본동,11260,중랑구
12243,회기로_D,11230710,회기동,11230,동대문구
12244,응암로14길,11380600,응암3동,11380,은평구
12246,겸재로_B,11260565,면목본동,11260,중랑구
12247,용마산로_B,11260575,면목3.8동,11260,중랑구
12248,망우로21길,11230720,휘경1동,11230,동대문구
12250,망우로_G,11260590,상봉2동,11260,중랑구
12251,면목로_C,11260590,상봉2동,11260,중랑구
12253,인왕시장길_A,11410640,홍제3동,11410,서대문구
12254,망우로_H,11260590,상봉2동,11260,중랑구
12255,동소문로_G,11290575,동선동,11290,성북구
12256,용마산로_C,11260660,망우3동,11260,중랑구
12257,망우로30길,11260520,면목2동,11260,중랑구
12258,동소문로_H,11290575,동선동,11290,성북구
12259,통일로_G,11410620,홍제1동,11410,서대문구
12260,회기로_E,11230710,회기동,11230,동대문구
12262,동일로_W,11260590,상봉2동,11260,중랑구
12263,인왕시장길_B,11410640,홍제3동,11410,서대문구
12264,이문로,11230740,이문1동,11230,동대문구
12265,망우로_I,11260610,중화2동,11260,중랑구
12267,용마공원로,11260655,망우본동,11260,중랑구
12268,아리랑로_B,11290575,동선동,11290,성북구
12269,아리랑로_C,11290575,동선동,11290,성북구
12270,동소문로28길,11290575,동선동,11290,성북구
12271,동소문로_I,11290555,삼선동,11290,성북구
12272,봉우재로33길_A,11260590,상봉2동,11260,중랑구
12273,망우로32길,11260520,면목2동,11260,중랑구
12274,휘경로_B,11230740,이문1동,11230,동대문구
12275,봉우재로43길,11260590,상봉2동,11260,중랑구
12276,봉우재로33길_B,11260590,상봉2동,11260,중랑구
12277,세검정로1길,11410660,홍은1동,11410,서대문구
12278,면목로_D,11260575,면목3.8동,11260,중랑구
12279,명지대길,11410685,홍은2동,11410,서대문구
12281,응암로_B,11410720,북가좌2동,11410,서대문구
12282,거북골로_A,11410685,홍은2동,11410,서대문구
12283,면목로_E,11260575,면목3.8동,11260,중랑구
12285,자하문로_A,11110515,청운효자동,11110,종로구
12286,창덕궁1길,11110600,가회동,11110,종로구
12287,율곡로3길,11110540,삼청동,11110,종로구
12288,안암로_C,11290600,안암동,11290,성북구
12290,북촌로5가길,11110540,삼청동,11110,종로구
12291,사가정로_A,11260575,면목3.8동,11260,중랑구
12292,자하문로9길,11110530,사직동,11110,종로구
12293,면목로_F,11260575,면목3.8동,11260,중랑구
12294,면목로_G,11260570,면목7동,11260,중랑구
12295,왕산로33길,11230545,제기동,11230,동대문구
12296,약령중앙로_A,11230545,제기동,11230,동대문구
12297,금낭화로_A,11500641,방화3동,11500,강서구
12298,사가정로_B,11260575,면목3.8동,11260,중랑구
12299,계동길,11110600,가회동,11110,종로구
12300,면목로_H,11260565,면목본동,11260,중랑구
12301,응암로_C,11410720,북가좌2동,11410,서대문구
12302,홍릉로,11230545,제기동,11230,동대문구
12303,금낭화로_B,11500641,방화3동,11500,강서구
12304,응암로_D,11410720,북가좌2동,11410,서대문구
12305,응암로_E,11410720,북가좌2동,11410,서대문구
12306,홍릉로5길,11230545,제기동,11230,동대문구
12307,거북골로_B,11410685,홍은2동,11410,서대문구
12308,고산자로_A,11230545,제기동,11230,동대문구
12309,약령중앙로_B,11230545,제기동,11230,동대문구
12310,면목로_I,11260570,면목7동,11260,중랑구
12311,자하문로_B,11110515,청운효자동,11110,종로구
12312,사가정로_C,11260570,면목7동,11260,중랑구
12313,면목로55길,11260575,면목3.8동,11260,중랑구
12314,삼청로,11110540,삼청동,11110,종로구
12315,보문로_E,11290610,보문동,11290,성북구
12316,면목로_J,11260565,면목본동,11260,중랑구
12318,왕산로_A,11230705,청량리동,11230,동대문구
12319,수색로_A,11380650,수색동,11380,은평구
12320,개운사길_A,11290600,안암동,11290,성북구
12321,통일로_H,11410620,홍제1동,11410,서대문구
12322,성균관로,11110650,혜화동,11110,종로구
12323,통일로_I,11410655,홍제2동,11410,서대문구
12324,인촌로24길,11290600,안암동,11290,성북구
12325,안암로_D,11290600,안암동,11290,성북구
12328,종로_A,11110700,숭인1동,11110,종로구
12329,수색로4가길,11410690,남가좌1동,11410,서대문구
12330,종로_B,11110710,숭인2동,11110,종로구
12331,방화동로_A,11500640,방화2동,11500,강서구
12332,금낭화로_C,11500640,방화2동,11500,강서구
12333,무학로_A,11230536,용신동,11230,동대문구
12334,양천로_A,11500640,방화2동,11500,강서구
12335,강서로_A,11500603,가양1동,11500,강서구
12336,종로51길,11110670,창신1동,11110,종로구
12337,통일로_J,11410520,천연동,11410,서대문구
12338,영천시장길,11410520,천연동,11410,서대문구
12339,사직로8길,11110530,사직동,11110,종로구
12340,월드컵북로_A,11440730,성산2동,11440,마포구
12341,장한로_A,11230660,장안2동,11230,동대문구
12342,답십리로_A,11230660,장안2동,11230,동대문구
12343,창신길,11110680,창신2동,11110,종로구
12345,서울시립대로,11230560,전농1동,11230,동대문구
12346,수색로2길,11410690,남가좌1동,11410,서대문구
12347,마장로37길,11200540,마장동,11200,성동구
12348,하정로,11230536,용신동,11230,동대문구
12350,종로_C,11110710,숭인2동,11110,종로구
12351,방화동로_B,11500630,방화1동,11500,강서구
12352,답십리로_B,11230660,장안2동,11230,동대문구
12354,양천로_B,11500630,방화1동,11500,강서구
12355,면목로_K,11260540,면목4동,11260,중랑구
12356,양천로_C,11500630,방화1동,11500,강서구
12357,숭인동길,11110710,숭인2동,11110,종로구
12358,월드컵북로44길_A,11440740,상암동,11440,마포구
12359,전농로15길,11230560,전농1동,11230,동대문구
12361,금낭화로_D,11500630,방화1동,11500,강서구
12363,사가정로_D,11230570,전농2동,11230,동대문구
12364,증가로_A,11410700,남가좌2동,11410,서대문구
12366,자하문로7길,11110515,청운효자동,11110,종로구
12368,월드컵북로44길_B,11440740,상암동,11440,마포구
12369,사가정로50길,11260570,면목7동,11260,중랑구
12370,고산자로31길,11230536,용신동,11230,동대문구
12371,월드컵북로_B,11440740,상암동,11440,마포구
12372,매봉산로2길,11440740,상암동,11440,마포구
12373,전농로17길,11230560,전농1동,11230,동대문구
12374,한천로_C,11230660,장안2동,11230,동대문구
12375,한천로33길,11230660,장안2동,11230,동대문구
12376,증가로_B,11410700,남가좌2동,11410,서대문구
12377,전농로_A,11230570,전농2동,11230,동대문구
12378,면목로39길,11260570,면목7동,11260,중랑구
12379,대학로,11110640,이화동,11110,종로구
12381,천호대로_A,11200790,용답동,11200,성동구
12382,한천로_D,11230610,답십리2동,11230,동대문구
12383,면목로_L,11215760,중곡3동,11215,광진구
12384,왕십리로_A,11200535,왕십리도선동,11200,성동구
12385,다산로_A,11140615,신당동,11140,중구
12387,다산로_B,11140615,신당동,11140,중구
12388,양천로_D,11500535,등촌3동,11500,강서구
12389,성산로,11410585,신촌동,11410,서대문구
12390,다산로36길,11140665,동화동,11140,중구
12391,긴고랑로_A,11215740,중곡1동,11215,광진구
12393,용답중앙15길,11200790,용답동,11200,성동구
12394,공항대로_A,11500620,공항동,11500,강서구
12395,천호대로87길,11230650,장안1동,11230,동대문구
12396,왕십리로_B,11200520,왕십리2동,11200,성동구
12397,방화동로_C,11500640,방화2동,11500,강서구
12398,장한로_B,11230650,장안1동,11230,동대문구
12399,퇴계로87길_A,11140670,황학동,11140,중구
12400,다산로35길,11140615,신당동,11140,중구
12401,퇴계로86길,11140665,동화동,11140,중구
12403,퇴계로83길,11140670,황학동,11140,중구
12404,아리수로93길,11740515,강일동,11740,강동구
12405,퇴계로88길,11140650,신당5동,11140,중구
12407,퇴계로_A,11140615,신당동,11140,중구
12408,천호대로_B,11200790,용답동,11200,성동구
12409,용답19길,11200790,용답동,11200,성동구
12410,충정로,11410565,충현동,11410,서대문구
12411,월드컵로_A,11440730,성산2동,11440,마포구
12412,능동로_A,11215740,중곡1동,11215,광진구
12414,퇴계로_B,11140590,광희동,11140,중구
12415,퇴계로_C,11140670,황학동,11140,중구
12416,양천로57길,11500604,가양2동,11500,강서구
12417,면목로_M,11215740,중곡1동,11215,광진구
12418,무학로6길,11200535,왕십리도선동,11200,성동구
12419,퇴계로87길_B,11140670,황학동,11140,중구
12420,천호대로_C,11200790,용답동,11200,성동구
12421,동교로,11440710,연남동,11440,마포구
12422,능동로_B,11215750,중곡2동,11215,광진구
12423,월드컵북로6길_A,11440710,연남동,11440,마포구
12424,마장로,11200540,마장동,11200,성동구
12425,용마산로_D,11215770,중곡4동,11215,광진구
12426,고산자로_B,11200535,왕십리도선동,11200,성동구
12427,무학로_B,11200535,왕십리도선동,11200,성동구
12428,장한로_C,11230650,장안1동,11230,동대문구
12429,월드컵로36길,11440730,성산2동,11440,마포구
12430,천호대로_D,11230600,답십리1동,11230,동대문구
12434,난계로17길,11140670,황학동,11140,중구
12435,연희맛로_A,11410615,연희동,11410,서대문구
12436,청계천로12가길,11200540,마장동,11200,성동구
12437,마장로9길,11140670,황학동,11140,중구
12438,방화동로_D,11500640,방화2동,11500,강서구
12439,연희로_A,11410615,연희동,11410,서대문구
12440,수색로_B,11410690,남가좌1동,11410,서대문구
12441,마장로31길,11200540,마장동,11200,성동구
12442,방화동로_E,11500630,방화1동,11500,강서구
12443,연희맛로_B,11410615,연희동,11410,서대문구
12444,전농로_B,11230600,답십리1동,11230,동대문구
12446,청계천로,11110710,숭인2동,11110,종로구
12447,연희로_B,11410615,연희동,11410,서대문구
12448,방화동로_F,11500640,방화2동,11500,강서구
12449,방화동로_G,11500620,공항동,11500,강서구
12450,수색로_C,11410690,남가좌1동,11410,서대문구
12451,장한로24길,11230660,장안2동,11230,동대문구
12452,양천로_E,11500603,가양1동,11500,강서구
12453,연희로_C,11410615,연희동,11410,서대문구
12454,고산자로24길,11200540,마장동,11200,성동구
12455,통일로_K,11410520,천연동,11410,서대문구
12457,통일로_L,11410520,천연동,11410,서대문구
12458,마장로5길,11140670,황학동,11140,중구
12459,고산길,11440600,대흥동,11440,마포구
12460,퇴계로12길,11140540,회현동,11140,중구
12461,천호대로_E,11215750,중곡2동,11215,광진구
12462,월드컵로_B,11440660,서교동,11440,마포구
12463,영화사로_A,11215770,중곡4동,11215,광진구
12464,신촌로_A,11440600,대흥동,11440,마포구
12465,용마산로_E,11215750,중곡2동,11215,광진구
12466,영화사로_B,11215770,중곡4동,11215,광진구
12467,능동로_C,11215740,중곡1동,11215,광진구
12469,공항대로_B,11500535,등촌3동,11500,강서구
12470,화곡로_A,11500591,화곡6동,11500,강서구
12471,와우산로_A,11440660,서교동,11440,마포구
12472,공항대로_C,11500591,화곡6동,11500,강서구
12473,와우산로29길,11440660,서교동,11440,마포구
12474,공항대로45길,11500520,등촌1동,11500,강서구
12475,월드컵로_C,11440690,망원1동,11440,마포구
12476,월드컵북로5나길,11440660,서교동,11440,마포구
12477,망원로,11440690,망원1동,11440,마포구
12478,신촌로4길,11440660,서교동,11440,마포구
12479,숭문길,11440610,염리동,11440,마포구
12480,천호대로111길,11215750,중곡2동,11215,광진구
12481,굴레방로,11440555,아현동,11440,마포구
12482,우장산로,11500615,우장산동,11500,강서구
12484,신촌로_B,11440610,염리동,11440,마포구
12485,용마산로_F,11215770,중곡4동,11215,광진구
12486,강서로_B,11500611,발산1동,11500,강서구
12487,왕십리로_C,11200550,사근동,11200,성동구
12488,월드컵로_D,11440690,망원1동,11440,마포구
12489,능동로_D,11215750,중곡2동,11215,광진구
12490,양천로_F,11500520,등촌1동,11500,강서구
12491,공항대로_D,11500520,등촌1동,11500,강서구
12492,연세로2길,11410585,신촌동,11410,서대문구
12493,청파로_A,11140680,중림동,11140,중구
12494,영화사로_C,11215770,중곡4동,11215,광진구
12495,신촌로_C,11440600,대흥동,11440,마포구
12496,상일로_A,11740560,고덕2동,11740,강동구
12497,천호대로_F,11215750,중곡2동,11215,광진구
12498,다산로_C,11140625,다산동,11140,중구
12499,월드컵로_E,11440690,망원1동,11440,마포구
12500,다산로_D,11140645,청구동,11140,중구
12501,면목로_N,11215730,군자동,11215,광진구
12502,포은로_A,11440690,망원1동,11440,마포구
12504,신촌역로,11410585,신촌동,11410,서대문구
12505,월드컵로_F,11440700,망원2동,11440,마포구
12506,다산로_E,11140625,다산동,11140,중구
12508,월드컵로_G,11440720,성산1동,11440,마포구
12510,장한로2길,11230650,장안1동,11230,동대문구
12511,화곡로63길,11500535,등촌3동,11500,강서구
12512,행당로17길,11200560,행당1동,11200,성동구
12514,성미산로,11440720,성산1동,11440,마포구
12515,서소문로,11410565,충현동,11410,서대문구
12516,양화로23길,11440660,서교동,11440,마포구
12517,월드컵북로_C,11440660,서교동,11440,마포구
12518,퇴계로20길,11140550,명동,11140,중구
12519,월드컵북로6길_B,11440710,연남동,11440,마포구
12520,월드컵로25길_A,11440700,망원2동,11440,마포구
12521,공항대로41길_A,11500535,등촌3동,11500,강서구
12522,왕십리로_D,11200560,행당1동,11200,성동구
12523,공항대로41길_B,11500535,등촌3동,11500,강서구
12524,용마산로_G,11215750,중곡2동,11215,광진구
12525,청파로_B,11140680,중림동,11140,중구
12527,마조로,11200550,사근동,11200,성동구
12528,동교로27길,11440710,연남동,11440,마포구
12529,연희로_D,11440710,연남동,11440,마포구
12531,양천로_G,11500510,염창동,11500,강서구
12532,공항대로_E,11500535,등촌3동,11500,강서구
12533,공항대로_F,11500615,우장산동,11500,강서구
12534,공항대로41길_C,11500535,등촌3동,11500,강서구
12535,신촌로_D,11410585,신촌동,11410,서대문구
12536,화곡로68길,11500520,등촌1동,11500,강서구
12537,월드컵로25길_B,11440700,망원2동,11440,마포구
12538,청구로,11140625,다산동,11140,중구
12539,다산로_F,11140645,청구동,11140,중구
12540,긴고랑로_B,11215740,중곡1동,11215,광진구
12542,양천로_H,11500520,등촌1동,11500,강서구
12543,다산로29길,11140615,신당동,11140,중구
12544,왕십리로21길,11200520,왕십리2동,11200,성동구
12545,등촌로_A,11500530,등촌2동,11500,강서구
12547,올림픽로_A,11740580,암사2동,11740,강동구
12548,까치산로_A,11500591,화곡6동,11500,강서구
12549,강서로_C,11500611,발산1동,11500,강서구
12550,강서로45라길,11500611,발산1동,11500,강서구
12551,강서로_D,11500611,발산1동,11500,강서구
12552,올림픽로_B,11740580,암사2동,11740,강동구
12553,올림픽로_C,11740570,암사1동,11740,강동구
12554,상암로_A,11740580,암사2동,11740,강동구
12556,고덕로_A,11740530,명일1동,11740,강동구
12558,고덕로10길,11740570,암사1동,11740,강동구
12560,화곡로_B,11500591,화곡6동,11500,강서구
12561,목동중앙북로7길,11470530,목3동,11470,양천구
12562,양천로_I,11500510,염창동,11500,강서구
12563,월드컵로1길,11440680,합정동,11440,마포구
12564,올림픽로_D,11740570,암사1동,11740,강동구
12565,양천로_J,11500510,염창동,11500,강서구
12566,자양로45길,11215860,구의2동,11215,광진구
12567,천호대로_G,11215860,구의2동,11215,광진구
12569,동호로7길,11140635,약수동,11140,중구
12570,후암로_A,11170510,후암동,11170,용산구
12571,후암로_B,11170510,후암동,11170,용산구
12572,양화로_A,11440660,서교동,11440,마포구
12575,와우산로_B,11440655,서강동,11440,마포구
12576,강서로_E,11500615,우장산동,11500,강서구
12577,서강로9길,11440660,서교동,11440,마포구
12578,와우산로_C,11440660,서교동,11440,마포구
12579,잔다리로,11440660,서교동,11440,마포구
12580,후암로_C,11170530,남영동,11170,용산구
12581,공항대로_G,11500520,등촌1동,11500,강서구
12582,금호산길,11200615,금호2.3가동,11200,성동구
12583,자양로43길,11215770,중곡4동,11215,광진구
12584,고덕로_B,11740590,암사3동,11740,강동구
12585,무수막길,11200615,금호2.3가동,11200,성동구
12586,고덕로_C,11740570,암사1동,11740,강동구
12587,포은로_B,11440690,망원1동,11440,마포구
12588,동호로_A,11140635,약수동,11140,중구
12589,고덕로_D,11740590,암사3동,11740,강동구
12590,공항대로_H,11500510,염창동,11500,강서구
12591,양천로_K,11500520,등촌1동,11500,강서구
12592,상일로_B,11740515,강일동,11740,강동구
12593,포은로_C,11440690,망원1동,11440,마포구
12594,천호대로_H,11215750,중곡2동,11215,광진구
12595,강서로_F,11500611,발산1동,11500,강서구
12597,천호대로112길,11215780,능동,11215,광진구
12598,면목로_O,11215730,군자동,11215,광진구
12599,백범로_A,11440600,대흥동,11440,마포구
12600,양재대로128길,11740685,길동,11740,강동구
12601,양재대로_A,11740685,길동,11740,강동구
12602,능동로15길,11215710,화양동,11215,광진구
12603,청파로_C,11170555,청파동,11170,용산구
12604,화곡로_C,11500615,우장산동,11500,강서구
12605,청파로_D,11170530,남영동,11170,용산구
12606,왕십리로_E,11200650,성수1가1동,11200,성동구
12607,올림픽로_E,11740610,천호2동,11740,강동구
12608,상암로_B,11740530,명일1동,11740,강동구
12609,구천면로41길,11740610,천호2동,11740,강동구
12610,광나루로_A,11215710,화양동,11215,광진구
12611,아차산로7길_A,11200690,성수2가3동,11200,성동구
12612,양재대로_B,11740530,명일1동,11740,강동구
12613,한강대로_A,11170530,남영동,11170,용산구
12614,양재대로_C,11740600,천호1동,11740,강동구
12615,광나루로_B,11215850,구의1동,11215,광진구
12616,백범로_B,11440610,염리동,11440,마포구
12617,청파로47길_A,11170555,청파동,11170,용산구
12619,화곡로_D,11500590,화곡본동,11500,강서구
12620,화곡로_E,11500590,화곡본동,11500,강서구
12621,,11215710,화양동,11215,광진구
12622,마포대로,11440555,아현동,11440,마포구
12624,아차산로_A,11200690,성수2가3동,11200,성동구
12625,상원길,11200660,성수1가2동,11200,성동구
12626,능동로_E,11215710,화양동,11215,광진구
12627,구천면로_A,11740600,천호1동,11740,강동구
12628,원효로_A,11170560,원효로1동,11170,용산구
12629,,11215710,화양동,11215,광진구
12630,청파로_E,11170555,청파동,11170,용산구
12631,청파로47길_B,11170555,청파동,11170,용산구
12632,올림픽로_F,11740610,천호2동,11740,강동구
12635,서울숲4길,11200660,성수1가2동,11200,성동구
12637,장터길_A,11200620,금호4가동,11200,성동구
12639,구천면로100길,11740520,상일동,11740,강동구
12640,올림픽로98길,11740570,암사1동,11740,강동구
12641,상암로_C,11740580,암사2동,11740,강동구
12642,아차산로7길_B,11200690,성수2가3동,11200,성동구
12644,아차산로_B,11215810,광장동,11215,광진구
12645,강서로45길_A,11500560,화곡3동,11500,강서구
12646,광나루로_C,11215730,군자동,11215,광진구
12647,독서당로_A,11200620,금호4가동,11200,성동구
12648,공항대로_I,11470520,목2동,11470,양천구
12649,독서당로_B,11200620,금호4가동,11200,성동구
12650,강서로45길_B,11500560,화곡3동,11500,강서구
12652,창전로,11440630,신수동,11440,마포구
12653,상암로_D,11740530,명일1동,11740,강동구
12654,독막로_A,11440680,합정동,11440,마포구
12655,상암로_E,11740570,암사1동,11740,강동구
12656,독서당로_C,11200615,금호2.3가동,11200,성동구
12657,장터길_B,11200615,금호2.3가동,11200,성동구
12658,상암로61길,11740540,명일2동,11740,강동구
12659,마포대로14길,11440565,공덕동,11440,마포구
12661,올림픽로92길,11740610,천호2동,11740,강동구
12662,독막로8길,11440680,합정동,11440,마포구
12663,마포대로12길,11440555,아현동,11440,마포구
12664,목동중앙본로,11470520,목2동,11470,양천구
12665,아차산로78길,11215810,광장동,11215,광진구
12666,독막로_B,11440655,서강동,11440,마포구
12667,구천면로_B,11740570,암사1동,11740,강동구
12668,성수일로12길,11200690,성수2가3동,11200,성동구
12670,백범로_C,11440600,대흥동,11440,마포구
12671,올림픽로_G,11740610,천호2동,11740,강동구
12672,백범로_D,11440630,신수동,11440,마포구
12673,공항대로_J,11500510,염창동,11500,강서구
12674,마포대로8길,11440555,아현동,11440,마포구
12675,양화로_B,11440680,합정동,11440,마포구
12676,상일로_C,11740520,상일동,11740,강동구
12677,화곡로_F,11500590,화곡본동,11500,강서구
12678,등촌로_B,11470530,목3동,11470,양천구
12679,목동중앙북로16길,11470520,목2동,11470,양천구
12680,장터길_C,11200615,금호2.3가동,11200,성동구
12681,강서로_G,11500560,화곡3동,11500,강서구
12682,목동중앙북로,11470520,목2동,11470,양천구
12684,동남로65길,11740540,명일2동,11740,강동구
12685,천호대로_I,11740610,천호2동,11740,강동구
12686,성덕정길_A,11200650,성수1가1동,11200,성동구
12687,아차산로_C,11215870,구의3동,11215,광진구
12688,양평로_A,11560620,양평2동,11560,영등포구
12689,마포대로4길,11440585,도화동,11440,마포구
12690,양평로22길,11560620,양평2동,11560,영등포구
12691,성덕정15길,11200670,성수2가1동,11200,성동구
12692,구의로,11215870,구의3동,11215,광진구
12694,양평로_B,11560620,양평2동,11560,영등포구
12695,양평로_C,11560620,양평2동,11560,영등포구
12696,성수이로7가길,11200670,성수2가1동,11200,성동구
12697,올림픽로80길,11740610,천호2동,11740,강동구
12698,명일로_A,11740685,길동,11740,강동구
12699,아차산로_D,11215870,구의3동,11215,광진구
12700,,11200690,성수2가3동,11200,성동구
12701,올림픽로_H,11740610,천호2동,11740,강동구
12702,목동중앙남로11길,11470540,목4동,11470,양천구
12704,천중로52길,11740685,길동,11740,강동구
12705,올림픽로_I,11740610,천호2동,11740,강동구
12706,구의강변로,11215870,구의3동,11215,광진구
12708,녹사평대로,11170660,이태원2동,11170,용산구
12709,,11215847,자양4동,11215,광진구
12710,아차산로51길,11215850,구의1동,11215,광진구
12711,까치산로4길,11500590,화곡본동,11500,강서구
12712,동일로24길,11215710,화양동,11215,광진구
12713,화곡로_G,11500560,화곡3동,11500,강서구
12714,목동중앙본로7길,11470540,목4동,11470,양천구
12715,능동로_F,11215710,화양동,11215,광진구
12716,화곡로_H,11500540,화곡1동,11500,강서구
12717,연무장1길,11200690,성수2가3동,11200,성동구
12718,아차산로11길,11200690,성수2가3동,11200,성동구
12719,도화길,11440585,도화동,11440,마포구
12721,화곡로_I,11500560,화곡3동,11500,강서구
12722,구천면로_C,11740610,천호2동,11740,강동구
12723,화곡로_J,11500615,우장산동,11500,강서구
12724,독막로_C,11440610,염리동,11440,마포구
12725,만리재로,11440565,공덕동,11440,마포구
12726,양재대로_D,11740600,천호1동,11740,강동구
12727,구천면로_D,11740620,천호3동,11740,강동구
12730,화곡로13길,11470600,신월5동,11470,양천구
12731,광나루로_D,11215870,구의3동,11215,광진구
12732,연무장길,11200670,성수2가1동,11200,성동구
12733,화곡로_K,11500540,화곡1동,11500,강서구
12734,한림말3길,11200645,옥수동,11200,성동구
12735,양재대로124길,11740685,길동,11740,강동구
12736,당산로_A,11560560,당산2동,11560,영등포구
12737,한강대로62나길,11170625,한강로동,11170,용산구
12738,강서로17길,11500540,화곡1동,11500,강서구
12739,이태원로_A,11170650,이태원1동,11170,용산구
12740,독서당로_D,11170685,한남동,11170,용산구
12741,강변역로,11215870,구의3동,11215,광진구
12742,월정로_A,11500540,화곡1동,11500,강서구
12743,천호대로170길_A,11740650,성내2동,11740,강동구
12744,천호대로_J,11740700,둔촌2동,11740,강동구
12745,등촌로_C,11470540,목4동,11470,양천구
12746,곰달래로_A,11470560,신월1동,11470,양천구
12747,등촌로_D,11470540,목4동,11470,양천구
12748,등촌로_E,11500570,화곡4동,11500,강서구
12749,곰달래로_B,11500593,화곡8동,11500,강서구
12751,자양로13길,11215820,자양1동,11215,광진구
12752,양평로_D,11560560,당산2동,11560,영등포구
12753,강서로_H,11500593,화곡8동,11500,강서구
12754,양평로_E,11560560,당산2동,11560,영등포구
12755,천호대로_K,11740660,성내3동,11740,강동구
12756,목동중앙서로,11470540,목4동,11470,양천구
12757,곰달래로13길_A,11470560,신월1동,11470,양천구
12758,강서로16길,11500593,화곡8동,11500,강서구
12759,강서로12길,11500593,화곡8동,11500,강서구
12761,등촌로_F,11500570,화곡4동,11500,강서구
12762,이태원로_B,11170685,한남동,11170,용산구
12763,곰달래로13길_B,11470560,신월1동,11470,양천구
12764,이태원로19길,11170650,이태원1동,11170,용산구
12766,강서로18길,11500593,화곡8동,11500,강서구
12767,강서로_I,11500593,화곡8동,11500,강서구
12768,곰달래로5길,11470560,신월1동,11470,양천구
12769,한강대로52길,11170625,한강로동,11170,용산구
12772,강서로_J,11500540,화곡1동,11500,강서구
12773,목동동로_A,11470550,목5동,11470,양천구
12774,천호대로170길_B,11740650,성내2동,11740,강동구
12776,자양로15길,11215820,자양1동,11215,광진구
12777,천호옛14길,11740650,성내2동,11740,강동구
12778,자양로_A,11215820,자양1동,11215,광진구
12779,녹사평대로26길,11170650,이태원1동,11170,용산구
12780,곰달래로_C,11500570,화곡4동,11500,강서구
12781,양평로_F,11560620,양평2동,11560,영등포구
12784,원효로_B,11170570,원효로2동,11170,용산구
12785,이태원로_C,11170685,한남동,11170,용산구
12786,명일로_B,11740685,길동,11740,강동구
12787,남부순환로_A,11470580,신월3동,11470,양천구
12788,아차산로_E,11215830,자양2동,11215,광진구
12789,가로공원로80길,11500540,화곡1동,11500,강서구
12792,천호옛길,11740650,성내2동,11740,강동구
12793,명일로_C,11740685,길동,11740,강동구
12794,한강대로_B,11170625,한강로동,11170,용산구
12795,이태원로54길,11170685,한남동,11170,용산구
12796,천호대로_L,11740620,천호3동,11740,강동구
12797,아차산로_F,11215820,자양1동,11215,광진구
12798,성덕정길_B,11200650,성수1가1동,11200,성동구
12799,양재대로116길,11740685,길동,11740,강동구
12800,가로공원로76길_A,11500540,화곡1동,11500,강서구
12801,이태원로_D,11170685,한남동,11170,용산구
12802,새창로_A,11170560,원효로1동,11170,용산구
12803,자양로_B,11215820,자양1동,11215,광진구
12804,효창원로42길,11170590,용문동,11170,용산구
12805,성덕정길_C,11200670,성수2가1동,11200,성동구
12806,뚝섬로27길,11215847,자양4동,11215,광진구
12808,선유로47길,11560620,양평2동,11560,영등포구
12809,천호대로187길,11740685,길동,11740,강동구
12810,풍성로25길,11710510,풍납1동,11710,송파구
12811,성덕정길_D,11200670,성수2가1동,11200,성동구
12812,새창로14길,11170590,용문동,11170,용산구
12813,양재대로_E,11740685,길동,11740,강동구
12814,가로공원로,11470560,신월1동,11470,양천구
12815,이태원로_E,11170685,한남동,11170,용산구
12816,자양로18길,11215850,구의1동,11215,광진구
12817,뚝섬로23길,11215847,자양4동,11215,광진구
12819,천중로40길,11740685,길동,11740,강동구
12821,아차산로_G,11215820,자양1동,11215,광진구
12822,뚝섬로_A,11215847,자양4동,11215,광진구
12823,동일로18길,11215847,자양4동,11215,광진구
12824,남부순환로_B,11470580,신월3동,11470,양천구
12825,남부순환로40길,11470580,신월3동,11470,양천구
12826,성안로_A,11740685,길동,11740,강동구
12827,가로공원로76길_B,11500540,화곡1동,11500,강서구
12828,화곡로4길,11470600,신월5동,11470,양천구
12829,보광로_A,11170700,보광동,11170,용산구
12830,오목로_A,11470650,신정4동,11470,양천구
12831,양재대로_F,11740660,성내3동,11740,강동구
12832,영중로_A,11560535,영등포동,11560,영등포구
12833,보광로_B,11170700,보광동,11170,용산구
12834,양재대로96길,11740700,둔촌2동,11740,강동구
12835,올림픽로47길,11710520,풍납2동,11710,송파구
12837,압구정로,11680545,압구정동,11680,강남구
12839,목동로_A,11470650,신정4동,11470,양천구
12840,양산로_A,11560550,당산1동,11560,영등포구
12842,오목로_B,11470650,신정4동,11470,양천구
12843,성안로_B,11740640,성내1동,11740,강동구
12844,성안로_C,11740660,성내3동,11740,강동구
12845,목동서로_A,11470510,목1동,11470,양천구
12846,성내로6길,11740640,성내1동,11740,강동구
12847,토성로,11710520,풍납2동,11710,송파구
12850,오목로_C,11470650,신정4동,11470,양천구
12851,성내로_A,11740640,성내1동,11740,강동구
12852,당산로31길,11560550,당산1동,11560,영등포구
12853,양재대로89길,11740660,성내3동,11740,강동구
12854,올림픽로45길,11710520,풍납2동,11710,송파구
12855,오목로_D,11470510,목1동,11470,양천구
12856,신정중앙로_A,11470650,신정4동,11470,양천구
12857,성안로3길,11740640,성내1동,11740,강동구
12858,신정중앙로_B,11470650,신정4동,11470,양천구
12859,한강대로15길,11170625,한강로동,11170,용산구
12860,목동로_B,11470510,목1동,11470,양천구
12864,성안로_D,11740660,성내3동,11740,강동구
12865,월정로_B,11470560,신월1동,11470,양천구
12866,당산로36길,11560560,당산2동,11560,영등포구
12867,양재대로_G,11740700,둔촌2동,11740,강동구
12868,압구정로29길_A,11680545,압구정동,11680,강남구
12869,올림픽로_J,11740640,성내1동,11740,강동구
12870,성내로_B,11740640,성내1동,11740,강동구
12871,곰달래로_D,11500550,화곡2동,11500,강서구
12872,영중로_B,11560535,영등포동,11560,영등포구
12874,강서로_K,11500540,화곡1동,11500,강서구
12875,자양로_C,11215820,자양1동,11215,광진구
12876,자양번영로_A,11215830,자양2동,11215,광진구
12877,진황도로,11740700,둔촌2동,11740,강동구
12878,당산로37길,11560560,당산2동,11560,영등포구
12879,독서당로_E,11170685,한남동,11170,용산구
12881,월정로_C,11500540,화곡1동,11500,강서구
12882,자양번영로_B,11215840,자양3동,11215,광진구
12883,압구정로29길_B,11680545,압구정동,11680,강남구
12884,강서로5나길,11500540,화곡1동,11500,강서구
12885,자양로5길,11215830,자양2동,11215,광진구
12887,뚝섬로_B,11215830,자양2동,11215,광진구
12890,선유로_A,11560605,문래동,11560,영등포구
12891,영신로40길,11560535,영등포동,11560,영등포구
12892,중앙로32길_A,11470620,신정1동,11470,양천구
12893,목동동로10길,11470630,신정2동,11470,양천구
12894,올림픽로_K,11710690,잠실4동,11710,송파구
12895,의사당대로_A,11560540,여의동,11560,영등포구
12896,강남대로107길,11650540,잠원동,11650,서초구
12897,신목로_A,11470630,신정2동,11470,양천구
12898,이촌로_A,11170630,이촌1동,11170,용산구
12899,영등포로18길,11560610,양평1동,11560,영등포구
12900,이촌로75길,11170630,이촌1동,11170,용산구
12901,신월로_A,11470590,신월4동,11470,양천구
12902,중앙로32길_B,11470620,신정1동,11470,양천구
12903,영등포로_A,11560550,당산1동,11560,영등포구
12904,삼성로_A,11680565,청담동,11680,강남구
12905,선유로_B,11560605,문래동,11560,영등포구
12906,압구정로4길,11680510,신사동,11680,강남구
12908,신월로_B,11470610,신월6동,11470,양천구
12909,중앙로_A,11470640,신정3동,11470,양천구
12910,강동대로,11740660,성내3동,11740,강동구
12911,중앙로_B,11470640,신정3동,11470,양천구
12912,국제금융로,11560540,여의동,11560,영등포구
12913,중앙로_C,11470620,신정1동,11470,양천구
12915,영등포로_B,11560550,당산1동,11560,영등포구
12917,중앙로32길_C,11470620,신정1동,11470,양천구
12919,학동로_A,11680565,청담동,11680,강남구
12921,신월로_C,11470620,신정1동,11470,양천구
12922,양재대로_H,11740690,둔촌1동,11740,강동구
12923,오목로_E,11470510,목1동,11470,양천구
12924,지양로_A,11470611,신월7동,11470,양천구
12925,영등포로25길,11560550,당산1동,11560,영등포구
12926,영등포로_C,11560610,양평1동,11560,영등포구
12928,월정로_D,11470590,신월4동,11470,양천구
12929,영중로24길,11560535,영등포동,11560,영등포구
12930,당산로_B,11560550,당산1동,11560,영등포구
12931,신월로_D,11470620,신정1동,11470,양천구
12933,버드나루로7길,11560535,영등포동,11560,영등포구
12934,목동동로12길_A,11470630,신정2동,11470,양천구
12935,지양로_B,11470611,신월7동,11470,양천구
12936,목동동로12길_B,11470510,목1동,11470,양천구
12937,지양로_C,11470611,신월7동,11470,양천구
12938,영등포로_D,11560610,양평1동,11560,영등포구
12939,양재대로81길,11740660,성내3동,11740,강동구
12941,성안로_E,11740640,성내1동,11740,강동구
12942,목동서로_B,11470670,신정6동,11470,양천구
12943,신월로_E,11470650,신정4동,11470,양천구
12944,선유로24길,11560610,양평1동,11560,영등포구
12945,버드나루로_A,11560535,영등포동,11560,영등포구
12946,삼성로_B,11680565,청담동,11680,강남구
12947,선유로_C,11560610,양평1동,11560,영등포구
12948,영등포로5길,11560610,양평1동,11560,영등포구
12950,오목로54길,11470510,목1동,11470,양천구
12951,신목로_B,11470630,신정2동,11470,양천구
12952,신월로_F,11470650,신정4동,11470,양천구
12954,언주로_A,11680545,압구정동,11680,강남구
12955,언주로159길,11680545,압구정동,11680,강남구
12956,양산로_B,11560550,당산1동,11560,영등포구
12957,신목로2길,11470510,목1동,11470,양천구
12958,도산대로,11680565,청담동,11680,강남구
12959,언주로_B,11680545,압구정동,11680,강남구
12960,강동대로53길,11740660,성내3동,11740,강동구
12961,중앙로_D,11470650,신정4동,11470,양천구
12962,버드나루로_B,11560535,영등포동,11560,영등포구
12963,영등포로_E,11560610,양평1동,11560,영등포구
12964,영중로_C,11560535,영등포동,11560,영등포구
12966,오목로_F,11470590,신월4동,11470,양천구
12967,장승배기로_A,11590520,노량진2동,11590,동작구
12969,노량진로12길,11590520,노량진2동,11590,동작구
12970,영등포로_F,11560630,신길1동,11560,영등포구
12971,도신로,11560630,신길1동,11560,영등포구
12972,노량진로,11590520,노량진2동,11590,동작구
12973,양재대로_I,11710566,오륜동,11710,송파구
12974,오금로11길,11710562,방이2동,11710,송파구
12975,영등포로_G,11560630,신길1동,11560,영등포구
12976,위례성대로,11710562,방이2동,11710,송파구
12977,신정이펜2로,11470640,신정3동,11470,양천구
12978,백제고분로_A,11710562,방이2동,11710,송파구
12979,삼성로115길,11680590,삼성2동,11680,강남구
12981,신목로5길,11470630,신정2동,11470,양천구
12982,목동서로_C,11470670,신정6동,11470,양천구
12983,삼성로_C,11680580,삼성1동,11680,강남구
12984,학동로_B,11680565,청담동,11680,강남구
12985,선릉로_A,11680565,청담동,11680,강남구
12988,도산대로30길,11680531,논현2동,11680,강남구
12989,이촌로_B,11170630,이촌1동,11170,용산구
12990,올림픽로35길_A,11710710,잠실6동,11710,송파구
12991,선릉로132길,11680565,청담동,11680,강남구
12992,도림로_A,11560605,문래동,11560,영등포구
12993,올림픽로35길_B,11710710,잠실6동,11710,송파구
12994,언주로147길,11680531,논현2동,11680,강남구
12995,삼성로_D,11680565,청담동,11680,강남구
12996,선릉로_B,11680531,논현2동,11680,강남구
12997,목동동로_B,11470680,신정7동,11470,양천구
12998,중앙로_E,11470640,신정3동,11470,양천구
12999,올림픽로33길,11710690,잠실4동,11710,송파구
13000,백제고분로41길_A,11710580,송파1동,11710,송파구
13001,양재대로72길,11710570,오금동,11710,송파구
13002,위례성대로20길,11710570,오금동,11710,송파구
13003,언주로108길,11680640,역삼1동,11680,강남구
13004,흑석로_A,11590605,흑석동,11590,동작구
13005,서달로,11590605,흑석동,11590,동작구
13006,신길로_A,11560650,신길3동,11560,영등포구
13009,장승배기로_B,11590520,노량진2동,11590,동작구
13011,흑석로_B,11590605,흑석동,11590,동작구
13012,백제고분로46길_A,11710580,송파1동,11710,송파구
13013,오금로31길_A,11710561,방이1동,11710,송파구
13014,경인로59길,11530510,신도림동,11530,구로구
13015,강남대로122길,11680521,논현1동,11680,강남구
13017,장승배기로_C,11590520,노량진2동,11590,동작구
13018,백제고분로_B,11710650,잠실본동,11710,송파구
13019,고척로_A,11530730,고척2동,11530,구로구
13020,봉은사로_A,11680640,역삼1동,11680,강남구
13021,흑석로_C,11590605,흑석동,11590,동작구
13022,현충로,11590605,흑석동,11590,동작구
13023,백제고분로_C,11710580,송파1동,11710,송파구
13024,흑석로_D,11590605,흑석동,11590,동작구
13025,봉은사로68길,11680590,삼성2동,11680,강남구
13026,논현로_A,11680531,논현2동,11680,강남구
13027,언주로125길,11680531,논현2동,11680,강남구
13028,봉은사로_B,11680590,삼성2동,11680,강남구
13029,올림픽로32길,11710562,방이2동,11710,송파구
13032,올림픽로_L,11710670,잠실2동,11710,송파구
13033,올림픽로_M,11710680,잠실3동,11710,송파구
13034,목동남로4길_A,11470680,신정7동,11470,양천구
13035,만양로,11590510,노량진1동,11590,동작구
13036,목동남로4길_B,11470680,신정7동,11470,양천구
13037,석촌호수로_A,11710680,잠실3동,11710,송파구
13039,논현로_B,11680521,논현1동,11680,강남구
13040,올림픽로_N,11710670,잠실2동,11710,송파구
13041,양재대로_J,11710570,오금동,11710,송파구
13042,도신로60길,11560630,신길1동,11560,영등포구
13043,신반포로43길,11650540,잠원동,11650,서초구
13044,주흥길,11650560,반포1동,11650,서초구
13045,백제고분로33길,11710600,석촌동,11710,송파구
13046,고척로40길,11530730,고척2동,11530,구로구
13048,역삼로_A,11680630,대치4동,11680,강남구
13049,백제고분로_D,11710610,삼전동,11710,송파구
13050,백제고분로_E,11710650,잠실본동,11710,송파구
13051,가락로_A,11710580,송파1동,11710,송파구
13052,새말로_A,11530560,구로5동,11530,구로구
13053,경인로47길_A,11530720,고척1동,11530,구로구
13056,상도로_A,11590540,상도2동,11590,동작구
13057,고무래로,11650581,반포4동,11650,서초구
13058,상도로_B,11590560,상도4동,11590,동작구
13059,백제고분로_F,11710610,삼전동,11710,송파구
13060,상도로_C,11590660,대방동,11590,동작구
13061,여의대방로_A,11560690,신길7동,11560,영등포구
13062,도신로4길,11560720,대림3동,11560,영등포구
13063,백제고분로_G,11710610,삼전동,11710,송파구
13065,대림로_A,11560720,대림3동,11560,영등포구
13067,상도로15길,11590550,상도3동,11590,동작구
13068,역삼로_B,11680610,대치2동,11680,강남구
13069,고척로_B,11530730,고척2동,11530,구로구
13070,경인로35길,11530730,고척2동,11530,구로구
13071,가락로_B,11710590,송파2동,11710,송파구
13072,경인로47길_B,11530720,고척1동,11530,구로구
13073,구로중앙로28길,11530560,구로5동,11530,구로구
13074,상도로_D,11590540,상도2동,11590,동작구
13075,상도로_E,11590510,노량진1동,11590,동작구
13076,백제고분로15길,11710650,잠실본동,11710,송파구
13077,석촌호수로_B,11710610,삼전동,11710,송파구
13078,오금로31길_B,11710561,방이1동,11710,송파구
13079,서달로10길,11590605,흑석동,11590,동작구
13081,석촌호수로_C,11710610,삼전동,11710,송파구
13082,오금로31길_C,11710561,방이1동,11710,송파구
13083,경인로47길_C,11530720,고척1동,11530,구로구
13084,삼학사로_A,11710610,삼전동,11710,송파구
13085,석촌호수로_D,11710680,잠실3동,11710,송파구
13086,신길로_B,11560650,신길3동,11560,영등포구
13087,상도로_F,11590540,상도2동,11590,동작구
13088,석촌호수로_E,11710600,석촌동,11710,송파구
13089,송파대로49길,11710600,석촌동,11710,송파구
13090,상도로_G,11590540,상도2동,11590,동작구
13091,공원로8길,11530560,구로5동,11530,구로구
13092,신반포로_A,11650580,반포3동,11650,서초구
13093,상도로_H,11590540,상도2동,11590,동작구
13094,백제고분로18길,11710650,잠실본동,11710,송파구
13095,백제고분로41길_B,11710580,송파1동,11710,송파구
13096,언주로107길,11680640,역삼1동,11680,강남구
13099,석촌호수로_F,11710610,삼전동,11710,송파구
13100,백제고분로_H,11710650,잠실본동,11710,송파구
13101,백제고분로46길_B,11710580,송파1동,11710,송파구
13102,신반포로_B,11650580,반포3동,11650,서초구
13103,가락로28길,11710590,송파2동,11710,송파구
13104,마천로_A,11710570,오금동,11710,송파구
13105,여의대방로_B,11590660,대방동,11590,동작구
13106,석촌호수로_G,11710650,잠실본동,11710,송파구
13107,석촌호수로_H,11710600,석촌동,11710,송파구
13108,논현로_C,11680640,역삼1동,11680,강남구
13109,백제고분로_I,11710650,잠실본동,11710,송파구
13110,장승배기로10길,11590540,상도2동,11590,동작구
13111,상도로_I,11590540,상도2동,11590,동작구
13112,오금로35길,11710570,오금동,11710,송파구
13113,반포대로_A,11650580,반포3동,11650,서초구
13114,송파대로,11710600,석촌동,11710,송파구
13115,사평대로55길,11650560,반포1동,11650,서초구
13116,새말로16길,11530560,구로5동,11530,구로구
13117,가락로_C,11710600,석촌동,11710,송파구
13118,서래로_A,11650581,반포4동,11650,서초구
13119,상도로_J,11590530,상도1동,11590,동작구
13120,동남로_A,11710570,오금동,11710,송파구
13121,삼성로63길,11680630,대치4동,11680,강남구
13123,여의대방로_C,11590680,신대방2동,11590,동작구
13124,보라매로_A,11590680,신대방2동,11590,동작구
13125,서래로_B,11650581,반포4동,11650,서초구
13126,가락로12길,11710600,석촌동,11710,송파구
13127,가락로_D,11710600,석촌동,11710,송파구
13128,송이로_A,11710620,가락본동,11710,송파구
13129,경인로_A,11530720,고척1동,11530,구로구
13130,도곡로_A,11680610,대치2동,11680,강남구
13131,도곡로_B,11680630,대치4동,11680,강남구
13132,보라매로_B,11590680,신대방2동,11590,동작구
13133,상도로37길,11590530,상도1동,11590,동작구
13134,상도로_K,11590530,상도1동,11590,동작구
13135,경인로_B,11530740,개봉1동,11530,구로구
13136,구로동로42길,11530530,구로2동,11530,구로구
13137,구로동로_A,11530530,구로2동,11530,구로구
13139,여의대방로24길,11590660,대방동,11590,동작구
13140,대림로_B,11560720,대림3동,11560,영등포구
13143,서래로_C,11650581,반포4동,11650,서초구
13144,경인로_C,11530720,고척1동,11530,구로구
13145,가락로_E,11710600,석촌동,11710,송파구
13146,여의대방로22길,11590660,대방동,11590,동작구
13147,거마로_A,11710550,마천2동,11710,송파구
13148,오금로36길_A,11710620,가락본동,11710,송파구
13149,역삼로_C,11680650,역삼2동,11680,강남구
13152,삼성로64길,11680610,대치2동,11680,강남구
13153,오금로36길_B,11710620,가락본동,11710,송파구
13154,백제고분로32길,11710610,삼전동,11710,송파구
13155,사평대로,11650581,반포4동,11650,서초구
13156,송파대로37길,11710600,석촌동,11710,송파구
13157,성대로1길,11590560,상도4동,11590,동작구
13158,경서로,11530740,개봉1동,11530,구로구
13159,대림로_C,11560720,대림3동,11560,영등포구
13160,백제고분로22길,11710610,삼전동,11710,송파구
13162,상도로_L,11590530,상도1동,11590,동작구
13163,서초중앙로29길,11650581,반포4동,11650,서초구
13166,삼성로_E,11680630,대치4동,11680,강남구
13168,역삼로_D,11680630,대치4동,11680,강남구
13169,언주로_C,11680650,역삼2동,11680,강남구
13170,신반포로_C,11650550,반포본동,11650,서초구
13171,삼성로_F,11680610,대치2동,11680,강남구
13172,신반포로_D,11650550,반포본동,11650,서초구
13173,신반포로3길,11650550,반포본동,11650,서초구
13174,백제고분로40길,11710600,석촌동,11710,송파구
13175,중앙로6길,11530720,고척1동,11530,구로구
13176,공원로,11530560,구로5동,11530,구로구
13177,가마산로_A,11560720,대림3동,11560,영등포구
13179,신반포로_E,11650550,반포본동,11650,서초구
13180,삼학사로_B,11710610,삼전동,11710,송파구
13182,백제고분로34길,11710600,석촌동,11710,송파구
13183,백제고분로_J,11710610,삼전동,11710,송파구
13184,송이로17길,11710620,가락본동,11710,송파구
13185,구로중앙로14길,11530550,구로4동,11530,구로구
13186,개봉로17길,11530750,개봉2동,11530,구로구
13187,동남로18길_A,11710632,가락2동,11710,송파구
13188,오금로_A,11710531,거여1동,11710,송파구
13189,부일로15길,11530790,수궁동,11530,구로구
13190,언주로_D,11680650,역삼2동,11680,강남구
13192,오금로46길_A,11710632,가락2동,11710,송파구
13194,도곡로_C,11680650,역삼2동,11680,강남구
13195,도림로_B,11560710,대림2동,11560,영등포구
13196,개포로_A,11680740,일원2동,11680,강남구
13197,거마로_B,11710532,거여2동,11710,송파구
13198,거마로_C,11710531,거여1동,11710,송파구
13199,오류로8길_A,11530780,오류2동,11530,구로구
13200,도림로_C,11560710,대림2동,11560,영등포구
13201,방배로_A,11650590,방배본동,11650,서초구
13202,오류로8길_B,11530780,오류2동,11530,구로구
13203,송이로_B,11710632,가락2동,11710,송파구
13204,중대로12길,11710620,가락본동,11710,송파구
13205,오금로46길_B,11710632,가락2동,11710,송파구
13206,방배로42길,11650590,방배본동,11650,서초구
13207,개봉로20길,11530760,개봉3동,11530,구로구
13208,상도로61길,11590530,상도1동,11590,동작구
13209,마천로_B,11710540,마천1동,11710,송파구
13211,영동대로,11680610,대치2동,11680,강남구
13212,마천로41길_A,11710550,마천2동,11710,송파구
13213,대림로29길,11560720,대림3동,11560,영등포구
13214,도곡로_D,11680600,대치1동,11680,강남구
13215,상도로_M,11590530,상도1동,11590,동작구
13216,대림로_D,11560720,대림3동,11560,영등포구
13217,서초중앙로24길,11650531,서초4동,11650,서초구
13218,사당로_A,11590530,상도1동,11590,동작구
13222,중대로9길,11710620,가락본동,11710,송파구
13223,경인로_D,11530770,오류1동,11530,구로구
13224,오금로_B,11710632,가락2동,11710,송파구
13225,역삼로_E,11680650,역삼2동,11680,강남구
13227,구일로10길,11530520,구로1동,11530,구로구
13228,동작대로,11650590,방배본동,11650,서초구
13229,서래로_D,11650581,반포4동,11650,서초구
13230,삼성로_G,11680610,대치2동,11680,강남구
13231,마천로41길_B,11710550,마천2동,11710,송파구
13232,상도로_N,11590530,상도1동,11590,동작구
13233,논현로72길,11680650,역삼2동,11680,강남구
13234,가마산로_B,11530560,구로5동,11530,구로구
13235,방배중앙로,11650590,방배본동,11650,서초구
13236,삼성로57길,11680600,대치1동,11680,강남구
13237,방배중앙로25길,11650590,방배본동,11650,서초구
13238,남부순환로97길,11530750,개봉2동,11530,구로구
13239,마천로45길,11710550,마천2동,11710,송파구
13240,선릉로_C,11680650,역삼2동,11680,강남구
13241,개봉로23가길,11530740,개봉1동,11530,구로구
13242,거마로20길,11710550,마천2동,11710,송파구
13243,대림로27가길,11560720,대림3동,11560,영등포구
13244,동남로_B,11710632,가락2동,11710,송파구
13245,마천로41길_C,11710540,마천1동,11710,송파구
13246,구로동로_B,11530530,구로2동,11530,구로구
13247,디지털로31길,11530540,구로3동,11530,구로구
13249,효령로_A,11650520,서초2동,11650,서초구
13250,신대방1가길,11590670,신대방1동,11590,동작구
13251,대림로_E,11590670,신대방1동,11590,동작구
13253,서초대로25길,11650621,방배4동,11650,서초구
13254,개포로_B,11680670,개포2동,11680,강남구
13255,양재대로55길,11680730,일원1동,11680,강남구
13256,동남로_C,11710641,문정1동,11710,송파구
13257,봉천로_A,11620525,보라매동,11620,관악구
13258,언주로30길_A,11680656,도곡2동,11680,강남구
13259,언주로30길_B,11680656,도곡2동,11680,강남구
13260,방배로_B,11650621,방배4동,11650,서초구
13261,구로동로_C,11530550,구로4동,11530,구로구
13262,동남로_D,11710620,가락본동,11710,송파구
13264,일원로9길,11680730,일원1동,11680,강남구
13265,대림로_F,11560710,대림2동,11560,영등포구
13266,시흥대로_A,11560710,대림2동,11560,영등포구
13267,동남로6길_A,11710641,문정1동,11710,송파구
13268,보라매로_C,11620525,보라매동,11620,관악구
13269,동작대로29나길,11590630,사당2동,11590,동작구
13270,일원로,11680730,일원1동,11680,강남구
13272,시흥대로_B,11590670,신대방1동,11590,동작구
13273,동광로_A,11650621,방배4동,11650,서초구
13274,오금로_C,11710532,거여2동,11710,송파구
13275,시흥대로_C,11560700,대림1동,11560,영등포구
13276,당곡길,11620525,보라매동,11620,관악구
13277,일원로3길,11680730,일원1동,11680,강남구
13278,구로동로_D,11530530,구로2동,11530,구로구
13280,도곡로_E,11680655,도곡1동,11680,강남구
13281,구로동로26길_A,11530550,구로4동,11530,구로구
13282,중대로,11710642,문정2동,11710,송파구
13284,신대방길,11590670,신대방1동,11590,동작구
13286,구로동로26길_B,11530550,구로4동,11530,구로구
13287,방배로_C,11650621,방배4동,11650,서초구
13288,동광로_B,11650590,방배본동,11650,서초구
13289,도림로_D,11530550,구로4동,11530,구로구
13290,구로동로28길_A,11530550,구로4동,11530,구로구
13291,오류로8길_C,11530780,오류2동,11530,구로구
13292,오금로_D,11710532,거여2동,11710,송파구
13293,도림로_E,11530550,구로4동,11530,구로구
13294,동남로18길_B,11710632,가락2동,11710,송파구
13295,구로중앙로_A,11530550,구로4동,11530,구로구
13296,디지털로53길,11560710,대림2동,11560,영등포구
13297,오금로_E,11710531,거여1동,11710,송파구
13298,사임당로,11650520,서초2동,11650,서초구
13300,구로동로28길_B,11530530,구로2동,11530,구로구
13301,구로동로22길,11530550,구로4동,11530,구로구
13302,조원로_A,11620725,조원동,11620,관악구
13303,남부순환로333길,11650510,서초1동,11650,서초구
13304,시흥대로_D,11620725,조원동,11620,관악구
13305,서초대로24길,11650600,방배1동,11650,서초구
13307,사당로_B,11590640,사당3동,11590,동작구
13308,행운1길,11620575,행운동,11620,관악구
13309,남부순환로_C,11620685,신사동,11620,관악구
13310,사당로_C,11590651,사당5동,11590,동작구
13311,난곡로_A,11620685,신사동,11620,관악구
13314,관악로_A,11620615,중앙동,11620,관악구
13315,사당로16가길_A,11590650,사당4동,11590,동작구
13316,도구로,11650621,방배4동,11650,서초구
13317,도림로_F,11530550,구로4동,11530,구로구
13320,난곡로_B,11620725,조원동,11620,관악구
13321,논현로28길,11680656,도곡2동,11680,강남구
13322,효령로_B,11650530,서초3동,11650,서초구
13323,구로동로_E,11530595,가리봉동,11530,구로구
13324,서운로,11650520,서초2동,11650,서초구
13325,서초대로,11650610,방배2동,11650,서초구
13327,신사로,11620725,조원동,11620,관악구
13328,개봉로3길_A,11530760,개봉3동,11530,구로구
13329,개봉로3길_B,11530760,개봉3동,11530,구로구
13330,동남로4길_A,11710641,문정1동,11710,송파구
13331,관악로_B,11620565,성현동,11620,관악구
13332,천왕로,11530780,오류2동,11530,구로구
13334,언주로30길_C,11680656,도곡2동,11680,강남구
13335,반포대로_B,11650530,서초3동,11650,서초구
13336,방배로_D,11650600,방배1동,11650,서초구
13337,신림동7길,11620695,신림동,11620,관악구
13338,은천로_A,11620615,중앙동,11620,관악구
13339,동남로4길_B,11710641,문정1동,11710,송파구
13340,봉천로6길,11620695,신림동,11620,관악구
13341,송이로31길,11710646,장지동,11710,송파구
13343,개포로82길,11680670,개포2동,11680,강남구
13344,양녕로,11620565,성현동,11620,관악구
13345,구로동로_F,11530530,구로2동,11530,구로구
13346,은천로_B,11620525,보라매동,11620,관악구
13347,난곡로_C,11620685,신사동,11620,관악구
13348,개봉로3길_C,11530760,개봉3동,11530,구로구
13351,동남로6길_B,11710641,문정1동,11710,송파구
13353,개봉로11길,11530760,개봉3동,11530,구로구
13354,방배로27길,11650621,방배4동,11650,서초구
13355,바우뫼로37길,11650651,양재1동,11650,서초구
13356,신원로,11620655,신원동,11620,관악구
13357,새말로8길,11710646,장지동,11710,송파구
13358,남부순환로_D,11620585,낙성대동,11620,관악구
13359,남부순환로_E,11620575,행운동,11620,관악구
13360,남부순환로_F,11545630,독산3동,11545,금천구
13361,바우뫼로_A,11650651,양재1동,11650,서초구
13362,쑥고개로_A,11620595,청룡동,11620,관악구
13363,디지털로_A,11530595,가리봉동,11530,구로구
13364,남부순환로_G,11545630,독산3동,11545,금천구
13366,남부순환로_H,11620575,행운동,11620,관악구
13367,방배천로6길,11650610,방배2동,11650,서초구
13369,남부순환로_I,11620725,조원동,11620,관악구
13370,가산디지털2로,11545510,가산동,11545,금천구
13371,쑥고개로_B,11620595,청룡동,11620,관악구
13372,남부순환로_J,11620605,은천동,11620,관악구
13373,쑥고개로11길,11620595,청룡동,11620,관악구
13375,조원로2길,11620725,조원동,11620,관악구
13376,사당로30길,11590620,사당1동,11590,동작구
13377,조원중앙로2길,11620725,조원동,11620,관악구
13378,송이로36길,11710646,장지동,11710,송파구
13379,방배천로16길,11650610,방배2동,11650,서초구
13380,시흥대로_E,11620725,조원동,11620,관악구
13381,서부샛길,11545510,가산동,11545,금천구
13382,논현로26길,11680656,도곡2동,11680,강남구
13383,논현로_D,11650651,양재1동,11650,서초구
13384,남부순환로_K,11620685,신사동,11620,관악구
13385,강남대로30길,11650651,양재1동,11650,서초구
13386,선릉로_D,11680670,개포2동,11680,강남구
13387,디지털로_B,11530595,가리봉동,11530,구로구
13388,관악로_C,11620615,중앙동,11620,관악구
13389,신원로3길,11620655,신원동,11620,관악구
13390,난곡로_D,11620725,조원동,11620,관악구
13391,새말로17길,11710646,장지동,11710,송파구
13394,남부순환로_L,11620765,미성동,11620,관악구
13395,반포대로_C,11650530,서초3동,11650,서초구
13396,사당로16길_A,11590650,사당4동,11590,동작구
13397,남부순환로_M,11620725,조원동,11620,관악구
13398,봉천로_B,11620615,중앙동,11620,관악구
13400,남부순환로_N,11620765,미성동,11620,관악구
13401,봉천로_C,11620605,은천동,11620,관악구
13402,사당로_D,11590620,사당1동,11590,동작구
13403,남부순환로161가길,11620685,신사동,11620,관악구
13404,사당로16가길_B,11590650,사당4동,11590,동작구
13405,봉천로30길,11620605,은천동,11620,관악구
13407,사당로_E,11590640,사당3동,11590,동작구
13408,구로동로_G,11530595,가리봉동,11530,구로구
13409,봉천로_D,11620605,은천동,11620,관악구
13410,남부순환로_O,11650651,양재1동,11650,서초구
13411,반포대로_D,11650530,서초3동,11650,서초구
13413,조원로16길,11620725,조원동,11620,관악구
13414,우마길,11530595,가리봉동,11530,구로구
13415,난우길,11620765,미성동,11620,관악구
13416,난곡로_E,11620765,미성동,11620,관악구
13418,논현로10길,11680690,개포4동,11680,강남구
13419,독산로85길,11545630,독산3동,11545,금천구
13420,마방로6길,11650652,양재2동,11650,서초구
13421,난곡로_F,11620765,미성동,11620,관악구
13422,남부순환로248길,11620625,인헌동,11620,관악구
13423,난곡로_G,11620775,난곡동,11620,관악구
13424,시흥대로148길,11545630,독산3동,11545,금천구
13425,시흥대로138길,11545630,독산3동,11545,금천구
13426,난곡로_H,11620775,난곡동,11620,관악구
13427,법원단지길,11620775,난곡동,11620,관악구
13428,가산로3길,11545610,독산1동,11545,금천구
13429,인헌길,11620625,인헌동,11620,관악구
13430,낙성대역길,11620625,인헌동,11620,관악구
13431,관악로14길,11620585,낙성대동,11620,관악구
13432,동작대로7길,11590620,사당1동,11590,동작구
13434,남부순환로_P,11620585,낙성대동,11620,관악구
13435,양재천로,11650651,양재1동,11650,서초구
13436,시흥대로_F,11545610,독산1동,11545,금천구
13437,남부순환로_Q,11620630,남현동,11620,관악구
13438,남현길,11620630,남현동,11620,관악구
13439,신림로_A,11620665,서림동,11620,관악구
13440,방배로_E,11650620,방배3동,11650,서초구
13441,시흥대로153길,11545510,가산동,11545,금천구
13442,독산로_A,11545630,독산3동,11545,금천구
13443,독산로_B,11545630,독산3동,11545,금천구
13444,개포로22길,11680690,개포4동,11680,강남구
13445,남부순환로_R,11590620,사당1동,11590,동작구
13446,남부순환로_S,11620625,인헌동,11620,관악구
13447,개포로_C,11680690,개포4동,11680,강남구
13448,가산로_A,11545510,가산동,11545,금천구
13449,남부순환로_T,11620575,행운동,11620,관악구
13450,개포로15길,11680690,개포4동,11680,강남구
13451,시흥대로151길,11545610,독산1동,11545,금천구
13452,낙성대로,11620585,낙성대동,11620,관악구
13453,바우뫼로_B,11650651,양재1동,11650,서초구
13454,개포로_D,11680690,개포4동,11680,강남구
13455,남부순환로_U,11620575,행운동,11620,관악구
13457,태봉로,11650651,양재1동,11650,서초구
13458,시흥대로_G,11545610,독산1동,11545,금천구
13459,독산로64길,11545620,독산2동,11545,금천구
13460,범안로_A,11545640,독산4동,11545,금천구
13461,강남대로8길,11650652,양재2동,11650,서초구
13462,강남대로10길,11650652,양재2동,11650,서초구
13463,시흥대로_H,11545620,독산2동,11545,금천구
13464,범안로_B,11545620,독산2동,11545,금천구
13465,대학길,11620735,대학동,11620,관악구
13466,논현로11길,11650652,양재2동,11650,서초구
13467,독산로75길,11545640,독산4동,11545,금천구
13469,신림로11길,11620735,대학동,11620,관악구
13470,동산로_A,11650652,양재2동,11650,서초구
13471,강남대로18길,11650652,양재2동,11650,서초구
13472,호암로,11620745,삼성동,11620,관악구
13473,독산로_C,11545640,독산4동,11545,금천구
13475,신림로_B,11620665,서림동,11620,관악구
13476,시흥대로_I,11545640,독산4동,11545,금천구
13477,마방로2길,11650652,양재2동,11650,서초구
13478,동산로_B,11650652,양재2동,11650,서초구
13479,신림로_C,11620735,대학동,11620,관악구
13480,가산로_B,11545610,독산1동,11545,금천구
13481,시흥대로122길,11545640,독산4동,11545,금천구
13483,호암로26길,11620735,대학동,11620,관악구
13484,독산로_D,11545670,시흥1동,11545,금천구
13486,독산로39길,11545670,시흥1동,11545,금천구
13487,시흥대로62길,11545670,시흥1동,11545,금천구
13488,독산로_E,11545700,시흥4동,11545,금천구
13489,독산로_F,11545620,독산2동,11545,금천구
13490,은행나무로,11545670,시흥1동,11545,금천구
13491,시흥대로_J,11545670,시흥1동,11545,금천구
13492,시흥대로_K,11545690,시흥3동,11545,금천구
13493,금하로_A,11545670,시흥1동,11545,금천구
13494,독산로_G,11545710,시흥5동,11545,금천구
13495,금하로24길,11545710,시흥5동,11545,금천구
13496,금하로_B,11545700,시흥4동,11545,금천구
13497,시흥대로50길,11545670,시흥1동,11545,금천구
13499,금하로25길,11545710,시흥5동,11545,금천구
13500,금하로_C,11545670,시흥1동,11545,금천구
13502,시흥대로_L,11545690,시흥3동,11545,금천구
13503,시흥대로_M,11545690,시흥3동,11545,금천구
13505,화랑로11길,11290725,월곡2동,11290,성북구
13506,화곡로_L,11500560,화곡3동,11500,강서구
13507,길음로_B,11290660,길음1동,11290,성북구
13508,동숭길,11110640,이화동,11110,종로구
13509,거북골로_C,11410700,남가좌2동,11410,서대문구
13510,신촌로_E,11410585,신촌동,11410,서대문구
13512,조원로_B,11620685,신사동,11620,관악구
13513,동일로217가길,11350695,상계6.7동,11350,노원구
13514,영동대로112길,11680580,삼성1동,11680,강남구
13515,효령로_C,11650520,서초2동,11650,서초구
13516,등촌로_G,11500530,등촌2동,11500,강서구
13517,목동동로8길,11470630,신정2동,11470,양천구
13518,학동로88길,11680580,삼성1동,11680,강남구
13519,국사봉1길,11590550,상도3동,11590,동작구
13520,덕릉로_F,11320512,창2동,11320,도봉구
13521,봉화산로_B,11260680,신내1동,11260,중랑구
13523,뚝섬로_C,11215840,자양3동,11215,광진구
13524,동남로_E,11710632,가락2동,11710,송파구
13525,사당로16길_B,11590650,사당4동,11590,동작구
13526,와우산로_D,11440655,서강동,11440,마포구
13527,동호로_B,11140625,다산동,11140,중구
13528,도봉로169나길,11320521,도봉1동,11320,도봉구
13529,사가정로_E,11230660,장안2동,11230,동대문구
13530,새창로_B,11170590,용문동,11170,용산구
13531,올림픽로12길,11710650,잠실본동,11710,송파구
13532,마천로51길,11710550,마천2동,11710,송파구
13533,종암로22길,11290705,종암동,11290,성북구
13534,까치산로_B,11500591,화곡6동,11500,강서구
13535,석촌호수로_I,11710650,잠실본동,11710,송파구
13537,오목로_G,11470650,신정4동,11470,양천구
13538,봉은사로_C,11680531,논현2동,11680,강남구
13539,동남로_F,11710641,문정1동,11710,송파구
13540,논현로5길,11650652,양재2동,11650,서초구
13541,긴고랑로11길,11215740,중곡1동,11215,광진구
13542,상일로_D,11740520,상일동,11740,강동구
13543,한글비석로24길,11350670,상계5동,11350,노원구
13544,고척로30길,11530740,개봉1동,11530,구로구
13545,성수일로,11200660,성수1가2동,11200,성동구
13546,서초중앙로,11650560,반포1동,11650,서초구
13547,고척로_C,11530730,고척2동,11530,구로구
13550,사가정로25길,11230660,장안2동,11230,동대문구
13551,영화사로_D,11215770,중곡4동,11215,광진구
13552,회나무로,11170660,이태원2동,11170,용산구
13553,도곡로_F,11680640,역삼1동,11680,강남구
13554,휘경로3길,11230740,이문1동,11230,동대문구
13555,응암로12길,11380600,응암3동,11380,은평구
13556,회기로_F,11230710,회기동,11230,동대문구
13557,면목로48길,11260575,면목3.8동,11260,중랑구
13558,보문로_F,11290610,보문동,11290,성북구
13559,은평터널로,11380650,수색동,11380,은평구
13561,전농로_C,11230610,답십리2동,11230,동대문구
13562,고산자로34길,11230536,용신동,11230,동대문구
13563,한글비석로52길,11350670,상계5동,11350,노원구
13565,백범로_E,11440610,염리동,11440,마포구
13567,녹사평대로54길,11170660,이태원2동,11170,용산구
13568,천중로,11740685,길동,11740,강동구
13569,서오릉로_H,11380625,역촌동,11380,은평구
13571,강서로_L,11500540,화곡1동,11500,강서구
13572,논현로18길,11680690,개포4동,11680,강남구
13573,송이로_C,11710620,가락본동,11710,송파구
13574,화곡로_M,11500590,화곡본동,11500,강서구
13576,목동동로_C,11470550,목5동,11470,양천구
13577,개운사길_B,11290600,안암동,11290,성북구
13578,아차산로_H,11215820,자양1동,11215,광진구
13580,왕산로_B,11230545,제기동,11230,동대문구
13583,대림로_G,11560700,대림1동,11560,영등포구
13586,은천로_C,11620605,은천동,11620,관악구
13587,논현로_E,11680521,논현1동,11680,강남구
13588,신월로_G,11470610,신월6동,11470,양천구
13589,백제고분로_K,11710580,송파1동,11710,송파구
13591,새말로_B,11710646,장지동,11710,송파구
13592,남부순환로_V,11620605,은천동,11620,관악구
13593,응암로_F,11380580,응암1동,11380,은평구
13594,강서로_M,11500560,화곡3동,11500,강서구
13595,올림픽로_O,11710680,잠실3동,11710,송파구
13596,백제고분로45길,11710580,송파1동,11710,송파구
13597,망우로_J,11230730,휘경2동,11230,동대문구
13598,역삼로_F,11680610,대치2동,11680,강남구
13599,봉천로_E,11620625,인헌동,11620,관악구
13600,남부순환로_W,11620575,행운동,11620,관악구
13601,통일로_M,11410655,홍제2동,11410,서대문구
13602,언주로97길,11680640,역삼1동,11680,강남구
13603,보문로38길,11290555,삼선동,11290,성북구
13604,도곡로77길,11680630,대치4동,11680,강남구
13605,양재대로_K,11740600,천호1동,11740,강동구
13606,통일로_N,11380530,불광2동,11380,은평구
13607,군자로,11215730,군자동,11215,광진구
13608,양재천로19길,11650651,양재1동,11650,서초구
13609,돌곶이로,11290810,석관동,11290,성북구
13610,다산로_G,11140645,청구동,11140,중구
13611,방배로_F,11650620,방배3동,11650,서초구
13612,고척로_D,11530740,개봉1동,11530,구로구
13613,백제고분로42길,11710580,송파1동,11710,송파구
13614,백제고분로39길,11710600,석촌동,11710,송파구
13615,응암로13길_B,11380600,응암3동,11380,은평구
13616,삼선교로10길,11290555,삼선동,11290,성북구
13617,능동로13길,11215710,화양동,11215,광진구
13618,한글비석로_L,11350624,중계4동,11350,노원구
13619,방학로_B,11320700,방학2동,11320,도봉구
13620,동일로22길,11215710,화양동,11215,광진구
13621,대림로_H,11560720,대림3동,11560,영등포구
13622,서초중앙로22길,11650510,서초1동,11650,서초구
13623,면목로_P,11260565,면목본동,11260,중랑구
13624,곰달래로13길_C,11470560,신월1동,11470,양천구
13626,구로중앙로_B,11530530,구로2동,11530,구로구
13627,의사당대로_B,11560540,여의동,11560,영등포구
13629,중앙로_F,11470640,신정3동,11470,양천구
13630,관악로_D,11620615,중앙동,11620,관악구
13631,도봉로_T,11305545,송중동,11305,강북구
13632,오목로_H,11470510,목1동,11470,양천구
13633,자양로_D,11215860,구의2동,11215,광진구
13634,신원로3가길,11620655,신원동,11620,관악구
13635,곰달래로_E,11500570,화곡4동,11500,강서구
13636,목동동로_D,11470550,목5동,11470,양천구
13637,목동서로_D,11470550,목5동,11470,양천구
13638,백제고분로48길,11710562,방이2동,11710,송파구
13639,백제고분로_L,11710562,방이2동,11710,송파구
13640,백제고분로50길,11710562,방이2동,11710,송파구
13641,가락로_F,11710561,방이1동,11710,송파구
13642,양재대로71길,11710561,방이1동,11710,송파구
13643,위례성대로18길,11710561,방이1동,11710,송파구
13644,천호대로83길,11230650,장안1동,11230,동대문구
13645,장한로_D,11230650,장안1동,11230,동대문구
13646,답십리로66길,11230650,장안1동,11230,동대문구
13647,답십리로_C,11230650,장안1동,11230,동대문구
13648,장한로21길,11230650,장안1동,11230,동대문구
13649,율곡로14길,11110630,종로5.6가동,11110,종로구
13650,통일로69길,11380570,대조동,11380,은평구
13651,도봉로152가길,11320522,도봉2동,11320,도봉구
